,NAME,B01001_001E,B25001_001E,B25002_001E,B25004_001E,B25005_001E,B25048_001E,B25052_001E,B25006_001E,B25007_012E,B25041_003E,B25041_004E,B25041_005E,B25041_006E,B25041_007E,B25019_001E,B06011_001E,B06009_002E,B06009_003E,B06009_004E,B06009_005E,B06009_006E,msa
2,"Abilene, TX Metro Area",174006,72105,72105,10578,10578,61527,61527,61527,23049,6117,18946,36268,8600,1249,399234,26517,13839,33914,34148,18266,8609,10180
4,"Aguadilla-Isabela, PR Metro Area",292919,147422,147422,37891,37891,109531,109531,109531,40810,5815,33333,87895,16892,2093,720898,,,,,,,10380
5,"Akron, OH Metro Area",704845,315526,315526,28482,28482,287044,287044,287044,92008,28709,77749,136407,58048,10759,1971623,30780,38144,144629,143573,99244,62921,10420
7,"Albany, GA Metro Area",151158,66724,66724,10376,10376,56348,56348,56348,26535,4210,16341,34809,9128,1153,379803,24305,16505,30894,30936,10012,7503,10500
8,"Albany, OR Metro Area",127335,50891,50891,,2427,48464,48464,48464,17603,4103,12207,24698,7393,977,290099,26684,10977,25054,33730,12876,6496,10540
9,"Albany-Schenectady-Troy, NY Metro Area",883169,410484,410484,56738,56738,353746,353746,353746,129566,49583,108914,156686,72234,16055,2427527,35770,45629,156874,175362,122052,108281,10580
11,"Albuquerque, NM Metro Area",916791,391088,391088,32595,32595,358493,358493,358493,127338,35081,86900,183389,63577,9455,2230222,27080,73325,154685,197781,116135,91823,10740
12,"Alexandria, LA Metro Area",153044,67823,67823,12696,12696,55127,55127,55127,20332,5413,14771,34759,10283,2071,383105,25375,13864,43060,27153,12636,6633,10780
13,"Allentown-Bethlehem-Easton, PA-NJ Metro Area",842913,350538,350538,30037,30037,320501,320501,320501,98674,36126,73323,147755,71203,15582,2198088,31287,56919,204774,152773,107637,65521,10900
14,"Altoona, PA Metro Area",122492,56957,56957,5861,5861,51096,51096,,14279,4543,15641,26325,8787,1143,350358,26648,6632,40316,23339,10764,7322,11020
15,"Amarillo, TX Metro Area",268356,110049,110049,11531,11531,98518,98518,98518,35528,13250,25538,53649,14106,1932,609072,31215,22408,47345,57159,32368,12824,11100
16,"Ames, IA Metro Area",98105,40766,40766,,,37290,37290,37290,16706,6671,11838,12258,7511,1126,229420,23292,1479,8240,15630,14856,11220,11180
17,"Anchorage, AK Metro Area",399148,160219,160219,22736,22736,137483,137483,137483,44722,17801,44999,57127,28065,7299,868055,35373,15200,67510,90678,53762,34192,11260
18,"Ann Arbor, MI Metro Area",370963,151576,151576,8504,8504,143072,143072,143072,55839,17602,39065,54617,29617,7542,914774,32605,10875,33556,56965,63216,68024,11460
19,"Anniston-Oxford-Jacksonville, AL Metro Area",114277,53888,53888,9624,9624,44264,44264,44264,13228,3060,13393,26182,7965,2353,327168,22154,12121,25761,27039,7914,6337,11500
20,"Appleton, WI Metro Area",237524,98531,98531,3721,3721,94810,94810,94810,24606,5657,24968,45467,17739,3462,608142,34507,10377,51326,51257,33719,15058,11540
21,"Arecibo, PR Metro Area",174271,83983,83983,19890,19890,64093,64093,64093,19867,3384,20332,49405,8553,1559,410870,,,,,,,11640
22,"Asheville, NC Metro Area",459585,230920,230920,39031,39031,191889,191889,191889,60974,14001,71983,105274,26617,5215,1342925,28888,31722,82568,102658,75866,47029,11700
26,"Athens-Clarke County, GA Metro Area",211802,85776,85776,5831,5831,79945,79945,79945,34836,8094,21347,34674,15755,4829,518625,23871,14670,30951,30373,26118,25399,12020
27,"Atlanta-Sandy Springs-Roswell, GA Metro Area",5950828,2331002,2331002,193722,193722,2137280,2137280,2137280,769417,207288,474357,852990,515384,246776,15155858,33728,389510,949194,1055008,967196,591317,12060
28,"Atlantic City-Hammonton, NJ Metro Area",265429,128408,128408,31427,31427,96981,96981,96981,30122,14029,33003,46383,25826,6022,771679,29718,22231,55122,53070,33305,19226,12100
30,"Auburn-Opelika, AL Metro Area",163941,70372,70372,11036,11036,59336,59336,59336,22838,3473,11124,31918,11800,2517,390216,25572,7846,22215,34105,19722,13765,12220
31,"Augusta-Richmond County, GA-SC Metro Area",605903,259295,259295,45188,45188,214107,214107,214107,69757,13426,61280,124736,44457,12999,1587771,26143,49731,128167,121274,65354,40967,12260
33,"Austin-Round Rock, TX Metro Area",2168316,853697,853697,67356,67356,786341,786341,786341,329998,130765,182627,301966,181445,35391,4734524,38050,144547,273410,361553,432240,247055,12420
34,"Bakersfield, CA Metro Area",896764,300423,300423,27256,27256,273167,273167,273167,116315,21504,74119,133999,56109,6061,1566654,24850,143384,146820,168579,56830,31627,12540
35,"Baltimore-Columbia-Towson, MD Metro Area",2802789,1164143,1164143,109917,109917,1054226,1054226,1054226,350747,127405,253021,444464,245818,69735,7553607,39184,171641,480196,490593,440806,360595,12580
36,"Bangor, ME Metro Area",151096,76144,76144,14379,14379,61765,61765,,21094,11916,20682,30563,7839,2237,410101,25052,8694,36743,32367,19373,10892,12620
37,"Barnstable Town, MA Metro Area",213413,164329,164329,77658,77658,86671,86671,86671,15683,11533,45509,68482,28100,8032,957439,34566,9150,40015,47823,37697,31911,12700
38,"Baton Rouge, LA Metro Area",831310,358048,358048,56539,56539,301509,301509,301509,94150,31310,74348,176645,61953,8428,2027933,30426,64616,173114,152831,101140,55090,12940
39,"Battle Creek, MI Metro Area",134487,60879,60879,6965,6965,53914,53914,53914,17093,6432,17499,25237,8510,2354,362625,26975,8149,32301,31592,13498,6690,12980
40,"Bay City, MI Metro Area",103923,48345,48345,3876,3876,44469,44469,,11046,4941,10295,22225,8094,2424,301967,26360,8088,26396,25618,9179,5294,13020
41,"Beaumont-Port Arthur, TX Metro Area",410233,178050,178050,32920,32920,145130,145130,145130,49611,18409,42485,87242,24117,2677,991396,26481,41147,94043,87710,36070,13584,13140
43,"Beckley, WV Metro Area",117272,57683,57683,9051,9051,48632,48632,,12319,4043,18277,25164,8154,893,333503,,13346,33572,23128,8306,6070,13220
44,"Bellingham, WA Metro Area",225685,97867,97867,10787,10787,87080,87080,87080,33650,9213,28734,39545,13731,2565,539564,30513,11340,35292,52102,31493,19061,13380
45,"Bend-Redmond, OR Metro Area",191996,91040,91040,,11090,79950,79950,,27173,5389,22521,46117,13258,2025,501524,32308,10499,24479,55383,32147,18392,13460
46,"Billings, MT Metro Area",171894,79628,79628,7841,7841,71787,71787,71787,23172,6691,21441,26936,15704,7573,502975,31255,4872,34429,39727,27603,11233,13740
47,"Binghamton, NY Metro Area",240219,113860,113860,18120,18120,95740,95740,95740,32229,11220,30096,44634,20288,4470,693661,26512,15658,55347,47039,25854,20369,13780
48,"Birmingham-Hoover, AL Metro Area",1151801,520740,520740,84908,84908,435832,435832,435832,133862,34647,126588,242722,86938,22433,3201698,29925,87322,222394,243869,153043,86961,13820
49,"Bismarck, ND Metro Area",132317,60824,60824,4442,4442,56382,56382,56382,17440,5778,13444,19651,14616,6425,400655,40771,5082,21889,34652,21693,7052,13900
50,"Blacksburg-Christiansburg-Radford, VA Metro Area",181926,81873,81873,13461,13461,68412,68412,68412,24156,6131,20702,35457,15450,2843,480806,25003,11475,29054,34440,18145,19335,13980
51,"Bloomington, IL Metro Area",190884,80721,80721,7141,7141,73580,73580,73580,24916,8089,21218,27233,18677,4300,499556,32436,4913,29744,32364,31565,19089,14010
52,"Bloomington, IN Metro Area",167762,72324,72324,6753,6753,65571,65571,65571,27930,9615,20345,27826,10451,1951,399479,23866,6975,23361,26438,21648,20535,14020
53,"Bloomsburg-Berwick, PA Metro Area",83696,38559,38559,4089,4089,34470,34470,,10160,3238,10214,16426,6210,1306,233235,29402,4625,24097,11451,9845,7166,14100
55,"Boise City, ID Metro Area",732257,283285,283285,14996,14996,268289,268289,268289,77507,17745,56396,127748,57478,18698,1739195,29928,37591,126113,165582,105602,50336,14260
56,"Boston-Cambridge-Newton, MA-NH Metro Area",4875390,1973416,1973416,125618,125618,1847798,1847798,1847798,722050,290751,567486,623812,332314,91495,11300649,40417,284329,721516,732469,903207,776451,14460
57,"Boulder, CO Metro Area",326078,137465,137465,9170,9170,128295,128295,128295,47943,17065,34843,40522,29746,10661,836001,37172,9134,23587,48310,74946,60186,14500
58,"Bowling Green, KY Metro Area",177183,77072,77072,9648,9648,67424,67424,67424,24664,4874,20280,38065,10341,2957,464535,24102,15780,35843,32141,16960,11471,14540
62,"Bremerton-Silverdale, WA Metro Area",269805,113732,113732,8321,8321,105411,105411,105411,31694,10620,28389,52111,16582,4296,693302,36363,8707,40110,76143,41380,22120,14740
63,"Bridgeport-Stamford-Norwalk, CT Metro Area",943823,374480,374480,28846,28846,345634,345634,345634,118537,48841,87944,119367,76427,31811,2328708,40247,64082,133036,136387,173054,139255,14860
64,"Brownsville-Harlingen, TX Metro Area",423908,152374,152374,27562,27562,124812,124812,124812,41899,13895,39258,69686,21163,2991,758143,19260,76419,69237,62503,29493,13052,15180
65,"Brunswick, GA Metro Area",116864,61215,61215,13949,13949,47266,47266,,14931,3006,12281,30375,12646,1994,367415,26062,12970,25013,22869,12784,9251,15260
66,"Buffalo-Cheektowaga-Niagara Falls, NY Metro Area",1130152,530321,530321,50215,50215,480106,480106,480106,166746,48484,140286,226787,87546,17486,3185224,31624,68595,222263,239929,150474,118864,15380
67,"Burlington, NC Metro Area",166436,71655,71655,6955,6955,64700,64700,64700,21578,5871,21248,35439,7630,1129,401013,28639,13312,31861,37636,20870,7709,15500
68,"Burlington-South Burlington, VT Metro Area",220612,98586,98586,11257,11257,87329,87329,87329,29246,10192,31110,36535,14598,3070,565779,32931,9172,34221,37629,42726,25488,15540
69,"California-Lexington Park, MD Metro Area",112664,45998,45998,4759,4759,41239,41239,41239,11935,1472,8409,19595,12644,3600,309232,40903,6815,24037,17012,15078,10306,15680
70,"Canton-Massillon, OH Metro Area",398655,180625,180625,16999,16999,163626,163626,163626,51879,13811,49882,82204,27856,4907,1122689,26939,22535,108134,89317,38847,20547,15940
71,"Cape Coral-Fort Myers, FL Metro Area",754610,399741,399741,118519,118519,281222,281222,281222,76370,25648,147123,177486,37775,6176,2113503,27889,59223,176117,167453,104532,62227,15980
72,"Cape Girardeau, MO-IL Metro Area",93647,43877,43877,9509,9509,34368,34368,34368,11688,3433,11781,19214,6662,1397,248513,24050,7259,21029,16190,10410,6305,16020
73,"Carbondale-Marion, IL Metro Area",124475,60406,60406,9201,9201,51205,51205,51205,22200,5871,21031,22441,6977,1579,329462,22436,7051,23537,29150,11583,11630,16060
74,"Carson City, NV Metro Area",55414,24022,24022,,,23099,23099,23099,9744,2200,6566,10302,2861,829,128943,32964,4511,8575,17790,6416,2517,16180
75,"Casper, WY Metro Area",79115,37181,37181,,4941,32240,32240,,9410,2186,9297,14063,7076,4351,233535,35061,3461,13498,23559,8577,4942,16220
76,"Cedar Rapids, IA Metro Area",272295,118216,118216,9025,9025,109191,109191,109191,26385,10093,31345,44912,22407,8019,746352,34307,11604,53238,62381,42013,16494,16300
78,"Chambersburg-Waynesboro, PA Metro Area",154835,65799,65799,5965,5965,59834,59834,,16832,2994,15219,31959,10982,3609,418098,30038,12470,46739,26935,13695,9067,16540
79,"Champaign-Urbana, IL Metro Area",237356,106732,106732,10283,10283,96449,96449,96449,41411,14130,26487,35717,20440,4095,597539,29729,8664,32378,40899,29303,29577,16580
80,"Charleston, WV Metro Area",211285,108280,108280,17552,17552,90728,90728,90728,27413,9677,35189,47030,13041,1912,640973,24373,18217,56642,42710,20359,15201,16620
81,"Charleston-North Charleston, SC Metro Area",787643,339519,339519,45095,45095,294424,294424,294424,96956,24003,75234,156408,62324,17543,2070663,31989,44499,139000,162691,129199,70215,16700
82,"Charlotte-Concord-Gastonia, NC-SC Metro Area",2569213,1049329,1049329,89032,89032,960297,960297,960297,329130,76402,238854,460484,193384,65342,6435079,31521,184744,402812,522184,421008,207184,16740
83,"Charlottesville, VA Metro Area",231565,103303,103303,14538,14538,88765,88765,88765,33003,8901,24003,41358,19852,7237,660527,32778,16741,33724,32550,38028,38129,16820
84,"Chattanooga, TN-GA Metro Area",558703,245558,245558,24425,24425,221133,221133,221133,70248,19615,64440,111010,38309,9412,1468007,27867,46183,111166,130726,66688,37582,16860
85,"Cheyenne, WY Metro Area",98976,43892,43892,4214,4214,39678,39678,39678,11186,3519,10791,15908,9532,2881,273835,32603,4031,19457,26516,12065,5948,16940
86,"Chicago-Naperville-Elgin, IL-IN-WI Metro Area",9497790,3858653,3858653,320552,320552,3538101,3538101,3538101,1246171,472108,1091243,1320223,665821,193515,22579297,35065,710098,1568191,1703780,1494347,1002628,16980
87,"Chico, CA Metro Area",231256,100038,100038,11402,11402,88636,88636,88636,36695,11750,32573,42154,11426,1287,522349,24872,13849,34495,64555,26382,13631,17020
89,"Cincinnati, OH-KY-IN Metro Area",2189442,938179,938179,75644,75644,862535,862535,862535,298002,109813,232470,351845,194021,34585,5830188,32364,127453,435876,410286,306971,194611,17140
92,"Clarksville, TN-KY Metro Area",290745,120476,120476,15974,15974,104502,104502,104502,44635,6091,29370,58316,21767,4086,716721,30223,12881,50542,64944,32863,16325,17300
94,"Cleveland, TN Metro Area",124748,53586,53586,6808,6808,46778,46778,46778,15235,2960,16173,25359,6445,2182,307983,24447,13443,28636,27437,9578,6615,17420
95,"Cleveland-Elyria, OH Metro Area",2057009,963538,963538,97499,97499,866039,866039,866039,308240,100777,242955,377580,184470,40746,5987447,31226,131446,406997,436409,288170,185318,17460
96,"Coeur d'Alene, ID Metro Area",161505,72500,72500,7545,7545,64955,64955,64955,18241,5421,18707,29481,13464,4543,444847,28344,8837,32721,42017,18844,10173,17660
97,"College Station-Bryan, TX Metro Area",265024,110533,110533,15918,15918,94615,94615,94615,47545,14482,26910,41247,20622,3988,580342,24026,18683,31763,36237,31885,27433,17780
98,"Colorado Springs, CO Metro Area",738939,288688,288688,16994,16994,271694,271694,271694,91756,23404,64885,90633,70592,33994,1846581,32137,32119,95173,169453,111270,75311,17820
99,"Columbia, MO Metro Area",180005,78945,78945,,6728,72217,72217,72217,33107,5131,21211,31369,14937,4682,462677,28415,5154,20358,29905,27958,24033,17860
100,"Columbia, SC Metro Area",833165,359090,359090,43998,43998,315092,315092,315092,103613,22227,75825,167203,64421,17369,2162829,28330,50825,153844,176459,104708,66891,17900
101,"Columbus, GA-AL Metro Area",307149,135253,135253,20646,20646,114607,114607,114607,50782,10608,30777,61917,25929,4101,800558,25421,25204,57420,71935,26193,20376,17980
102,"Columbus, IN Metro Area",82753,34532,34532,2641,,31891,31891,31891,9277,3328,7135,16737,5570,1370,211884,31481,4730,17467,15786,11337,7608,18020
103,"Columbus, OH Metro Area",2106541,869414,869414,67609,67609,801805,801805,801805,305707,85332,247451,327710,169900,27855,5238130,32470,112159,388102,383251,336606,197029,18140
108,"Corpus Christi, TX Metro Area",452927,193862,193862,32169,32169,161693,161693,161693,61902,23312,54618,82062,25865,3728,997198,27370,52041,86878,96656,40928,21897,18580
109,"Corvallis, OR Metro Area",92101,38442,38442,,2922,35520,35520,35520,14620,4636,8954,15819,5868,2130,221832,25671,2192,8297,15479,15704,14064,18700
110,"Crestview-Fort Walton Beach-Destin, FL Metro Area",278644,151347,151347,43007,43007,108340,108340,108340,34862,12262,36964,68981,24474,5157,816690,30154,16784,51942,65610,36557,22860,18880
112,"Cumberland, MD-WV Metro Area",97915,45984,45984,8091,8091,37893,37893,,10560,3702,11974,22871,5635,1293,279351,22360,5823,29708,20142,8224,5196,19060
113,"Dallas-Fort Worth-Arlington, TX Metro Area",7540371,2853246,2853246,229368,229368,2623878,2623878,2623878,1071873,421207,574635,1073074,585943,138349,16492169,34526,681005,1114254,1360939,1129425,609292,19100
114,"Dalton, GA Metro Area",143983,56306,56306,,5283,51023,51023,,17348,2457,15570,26396,8925,1156,311811,25805,26309,30028,23001,9716,4460,19140
115,"Danville, IL Metro Area",76806,36125,36125,5959,5959,30166,30166,30166,9518,3458,12159,14561,4253,1397,210055,25321,4956,22892,16059,5271,3165,19180
117,"Daphne-Fairhope-Foley, AL Metro Area",218022,116632,116632,33131,33131,83501,83501,83501,20491,6051,24387,58660,22296,3907,710073,27772,15282,44013,47573,32210,16613,19300
118,"Davenport-Moline-Rock Island, IA-IL Metro Area",380106,170244,170244,16379,16379,153865,153865,153865,45674,15876,49386,67201,29032,5571,1035643,31069,23523,78778,85919,48381,23665,19340
119,"Dayton, OH Metro Area",806548,370029,370029,38603,38603,331426,331426,331426,126278,33821,95707,159979,62147,12313,2239610,30232,48191,155902,179891,96266,72660,19380
120,"Decatur, AL Metro Area",152046,67766,67766,9903,9903,57863,57863,57863,16484,3757,15255,36030,9545,2138,417455,26886,16985,32749,30674,16470,7869,19460
121,"Decatur, IL Metro Area",104712,50405,50405,5843,5843,44562,44562,44562,14604,5379,14635,20825,7212,1587,292583,27728,7545,25345,24466,10218,5309,19500
122,"Deltona-Daytona Beach-Ormond Beach, FL Metro Area",659605,314641,314641,54944,54944,259697,259697,259697,71985,22976,94396,149265,37886,5816,1739038,27642,43318,154447,173295,80477,41272,19660
123,"Denver-Aurora-Lakewood, CO Metro Area",2932415,1195543,1195543,64133,64133,1131410,1131410,1131410,417459,171849,301336,345941,240542,103286,7268532,40206,175636,398790,551751,576602,336630,19740
124,"Des Moines-West Des Moines, IA Metro Area",655409,276147,276147,21092,21092,255055,255055,255055,77495,24795,78238,96469,56612,13160,1669449,37523,29165,106623,129439,117216,51599,19780
125,"Detroit-Warren-Dearborn, MI Metro Area",4326442,1912856,1912856,202170,202170,1710686,1710686,1710686,528058,176292,452639,861435,329853,61944,11665282,31207,295939,794421,965497,573602,382972,19820
126,"Dothan, AL Metro Area",148245,69836,69836,14405,14405,55431,55431,55431,16923,3700,16018,39131,9000,1465,405271,23586,15652,33711,33239,13108,7189,20020
127,"Dover, DE Metro Area",178550,73086,73086,5245,5245,67841,67841,67841,21718,3910,15999,37343,12934,2398,462886,27657,19350,39124,33717,16233,11732,20100
129,"Dubuque, IA Metro Area",96854,41514,41514,,3013,38501,38501,,10620,4553,9187,16294,8730,1506,256883,30181,5130,22731,17363,12760,7372,20220
130,"Duluth, MN-WI Metro Area",278799,144323,144323,27097,27097,117226,117226,117226,34689,19152,46083,51671,17901,4340,800868,28245,11228,53018,74254,35449,18702,20260
132,"Durham-Chapel Hill, NC Metro Area",575412,249694,249694,23995,23995,225699,225699,225699,85856,28270,61793,105198,38898,10698,1466531,31777,36820,75270,91170,95630,92912,20500
133,"East Stroudsburg, PA Metro Area",169507,81664,81664,26555,26555,55109,55109,55109,12394,4478,13845,40737,16817,4480,505046,27440,11885,42638,37871,15381,10717,20700
134,"Eau Claire, WI Metro Area",168669,73016,73016,6220,6220,66796,66796,,21539,6819,20166,27114,14927,3165,444785,29411,7003,33399,40100,20400,9805,20740
135,"El Centro, CA Metro Area",181827,57893,57893,,16129,41764,41764,41764,14294,5291,13108,22612,13639,1530,300467,18731,33629,28537,33897,10661,5101,20940
137,"Elizabethtown-Fort Knox, KY Metro Area",152459,65323,65323,8225,8225,57098,57098,57098,19371,2613,13857,35187,9542,2475,401813,28975,10659,33535,37832,10498,8927,21060
138,"Elkhart-Goshen, IN Metro Area",205560,79495,79495,5835,5835,73660,73660,73660,21444,5673,18467,34714,15177,4429,501716,29923,23940,45415,35073,17224,8939,21140
139,"Elmira, NY Metro Area",84254,38924,38924,,4599,34325,34325,34325,11498,4747,10784,15265,6422,1339,230750,27398,7304,22183,17906,6985,5250,21300
140,"El Paso, TX Metro Area",844723,300964,300964,29842,29842,271122,271122,271122,105469,25147,60378,136001,60793,7498,1632774,21608,115061,120158,163162,80489,41761,21340
141,"Enid, OK Metro Area",60913,26802,26802,3804,3804,22998,22998,22998,8292,1250,7222,13701,3208,817,158764,26981,4255,14060,11986,6579,3084,21420
142,"Erie, PA Metro Area",272061,121615,121615,11818,11818,109797,109797,109797,37828,11623,29722,51027,21161,5312,741636,24913,15129,71415,48645,31866,20295,21500
143,"Eugene, OR Metro Area",379611,163490,163490,7418,7418,156072,156072,156072,63589,16210,44397,73512,20229,4767,891312,26722,21146,59382,102675,48647,30250,21660
145,"Evansville, IN-KY Metro Area",314672,143082,143082,14402,14402,128680,128680,128680,41340,16315,38759,61668,19920,3850,836204,29863,20057,72001,69292,37759,18654,21780
146,"Fairbanks, AK Metro Area",98971,44307,44307,7929,7929,36378,36378,36378,14768,6030,12417,15860,6448,1547,227508,35294,4093,15935,24795,10551,7749,21820
147,"Fargo, ND-MN Metro Area",245471,110709,110709,11403,11403,99306,99306,99306,42098,14848,31681,31560,21429,7160,646716,35588,8905,31950,54574,43400,15786,22020
150,"Farmington, NM Metro Area",125043,51273,51273,7566,7566,43707,43707,43707,12405,2569,11146,25982,7619,1366,274050,24594,12033,22134,34241,7570,5671,22140
151,"Fayetteville, NC Metro Area",387094,168287,168287,21527,21527,146760,146760,146760,68578,9615,36030,90572,24985,4599,959658,26290,22780,62159,95010,40987,21687,22180
152,"Fayetteville-Springdale-Rogers, AR-MO Metro Area",553795,221914,221914,16636,16636,205278,205278,205278,78973,14105,53509,103451,38758,6390,1279526,30664,46591,101894,92955,67370,44092,22220
154,"Flagstaff, AZ Metro Area",142854,66838,66838,19563,19563,47275,47275,47275,17576,5507,16659,29619,9895,2041,351183,25442,8962,17666,27384,18005,12366,22380
155,"Flint, MI Metro Area",406892,192614,192614,23145,23145,169469,169469,169469,54063,15577,54927,89600,26578,4832,1154423,27008,25454,89613,103196,39717,22521,22420
156,"Florence, SC Metro Area",204961,91984,91984,16158,16158,75826,75826,75826,25128,3606,18853,49123,13970,3140,537972,24042,21720,48940,37032,18241,11837,22500
157,"Florence-Muscle Shoals, AL Metro Area",147149,72198,72198,12266,12266,59932,59932,59932,19347,3700,17297,36964,10772,2771,448042,26396,12601,41580,27099,13966,7983,22520
158,"Fond du Lac, WI Metro Area",103066,45361,45361,4352,4352,41009,41009,,12509,3720,12368,19630,7099,1387,272321,30211,5772,25528,25809,10990,4401,22540
160,"Fort Collins, CO Metro Area",350518,151840,151840,12458,12458,139382,139382,139382,51584,12197,39105,51713,32802,13363,934858,34592,11365,38385,72118,65806,45002,22660
162,"Fort Smith, AR-OK Metro Area",282318,125732,125732,16942,16942,108790,108790,108790,36172,9245,29322,67128,15218,2626,705595,23363,31767,64503,57623,23818,12533,22900
163,"Fort Wayne, IN Metro Area",437631,186072,186072,13761,13761,172311,172311,172311,48183,17622,38826,85257,35371,7040,1176159,30141,31078,84180,93471,51996,27834,23060
165,"Fresno, CA Metro Area",994400,333809,333809,24290,24290,309519,309519,309519,151080,25554,79501,143243,54925,11171,1758005,25211,143433,138951,198581,88479,45443,23420
166,"Gadsden, AL Metro Area",102501,47847,47847,,9222,38625,38625,38625,11242,1790,13456,25614,6299,614,291623,25055,8461,23717,25002,8676,5513,23460
167,"Gainesville, FL Metro Area",288711,126992,126992,21831,21831,105161,105161,105161,40416,11603,36535,51197,22001,2157,693505,25638,14249,38788,52765,41951,33384,23540
168,"Gainesville, GA Metro Area",202148,74431,74431,9441,9441,64990,64990,64990,19498,3584,16439,33098,15435,5256,469868,28870,28208,37306,34893,20532,11526,23580
170,"Gettysburg, PA Metro Area",102811,42572,42572,,3002,39570,39570,39570,9913,3435,8175,20971,7464,1691,266600,31362,7702,28054,19640,9519,7484,23900
171,"Glens Falls, NY Metro Area",125462,69804,69804,17808,17808,51996,51996,,16164,7096,20628,26213,10006,4506,418876,30130,10720,30544,26613,13743,11719,24020
173,"Goldsboro, NC Metro Area",123248,54467,54467,,5448,49019,49019,49019,18840,1256,13499,30931,6696,933,312724,24741,12929,24424,31256,9965,4039,24140
174,"Grand Forks, ND-MN Metro Area",102299,48421,48421,,5340,43081,43081,43081,19254,8231,13408,14836,7750,3037,273685,30600,3713,16822,24922,12416,5346,24220
175,"Grand Island, NE Metro Area",85104,36167,36167,3480,3480,32687,32687,32687,10867,2587,9759,14530,5861,2649,233742,30674,6517,16080,19922,9538,3481,24260
176,"Grand Junction, CO Metro Area",153207,67215,67215,,5367,61848,61848,61848,19471,4101,16338,33049,10390,2504,381464,29752,9925,28088,35302,20202,11155,24300
177,"Grand Rapids-Wyoming, MI Metro Area",1069405,424695,424695,27496,27496,397199,397199,397199,103088,35581,106971,165119,83391,26947,2706150,30717,53660,192612,220278,157353,79271,24340
178,"Grants Pass, OR Metro Area",87393,39354,39354,,,37059,37059,,10729,4273,10604,18103,4056,1535,214562,23520,4853,20065,30020,6951,3772,24420
179,"Great Falls, MT Metro Area",81643,39037,39037,3479,3479,35558,35558,35558,14375,5273,9573,12842,7019,3003,230872,30216,4422,17762,20709,8854,4891,24500
180,"Greeley, CO Metro Area",314305,112472,112472,4543,4543,107929,107929,107929,28301,5472,23042,42554,26718,12540,727354,32827,22313,57088,67769,38448,16999,24540
181,"Green Bay, WI Metro Area",321591,144173,144173,15060,15060,129113,129113,129113,39069,11929,41541,61940,22357,4899,850875,31906,16344,71297,71599,41588,17225,24580
184,"Greensboro-High Point, NC Metro Area",767711,337386,337386,35285,35285,302101,302101,302101,114513,22937,95704,152550,46123,11420,1932900,27672,67094,135152,163735,103214,53262,24660
185,"Greenville, NC Metro Area",179914,80244,80244,10956,10956,69288,69288,69288,32296,11338,18102,36759,10202,2213,426505,22330,13836,26425,35426,23555,11929,24780
186,"Greenville-Anderson-Mauldin, SC Metro Area",906626,389673,389673,45009,45009,344664,344664,344664,107824,24199,95936,178601,64489,18155,2346689,27212,83572,165059,175567,118295,70684,24860
188,"Guayama, PR Metro Area",70764,34073,34073,,8632,25441,25441,,7461,1514,5408,22543,4265,272,163436,,,,,,,25020
189,"Gulfport-Biloxi-Pascagoula, MS Metro Area",397261,182544,182544,27518,27518,155026,155026,155026,59375,13887,44351,91991,25360,4721,1045315,25425,26814,76848,102440,39427,23593,25060
190,"Hagerstown-Martinsburg, MD-WV Metro Area",268049,111046,111046,8940,8940,102106,102106,102106,32332,8881,24092,53217,18961,4862,698527,31267,22085,67840,56735,26634,13347,25180
191,"Hammond, LA Metro Area",133777,56367,56367,8966,8966,47401,47401,,13168,4191,14343,28642,7968,918,317592,22735,11406,33373,25306,11603,4982,25220
192,"Hanford-Corcoran, CA Metro Area",151366,46649,46649,,2922,43727,43727,43727,20170,2205,10237,24243,8869,654,254452,27069,24438,23578,32400,9483,4404,25260
193,"Harrisburg-Carlisle, PA Metro Area",574659,252622,252622,19031,19031,233591,233591,233591,79048,23828,57143,110596,44973,12015,1597127,33570,36052,136351,96927,82641,48118,25420
194,"Harrisonburg, VA Metro Area",135277,54152,54152,6165,6165,47987,47987,47987,17830,4090,14427,23189,9191,2671,325384,24886,11327,27332,17957,14067,10632,25500
195,"Hartford-West Hartford-East Hartford, CT Metro Area",1206300,517029,517029,46378,46378,470651,470651,470651,154372,64248,137915,202457,84359,17314,3005952,38024,71333,219913,213356,186187,151800,25540
196,"Hattiesburg, MS Metro Area",149119,64042,64042,,9958,54084,54084,,20388,4685,14849,29515,11998,2066,378353,22026,13064,22001,28397,18967,11138,25620
199,"Hickory-Lenoir-Morganton, NC Metro Area",368416,165129,165129,19971,19971,145158,145158,145158,39904,7148,49156,82749,20153,4767,934108,25821,42916,85989,83342,36490,15424,25860
201,"Hilton Head Island-Bluffton-Beaufort, SC Metro Area",217686,112376,112376,28335,28335,84041,84041,84041,22113,5429,29683,52160,20048,4206,676226,29144,12562,38631,41206,35847,25592,25940
202,"Hinesville, GA Metro Area",80008,36355,36355,5059,5059,31296,31296,31296,15881,1704,8013,18152,6896,574,206065,27784,4767,16701,18122,4859,3058,25980
205,"Homosassa Springs, FL Metro Area",147929,79988,79988,17695,17695,62293,62293,,10665,3870,28888,40088,6635,229,455896,23476,12068,45123,39286,14180,7442,26140
206,"Hot Springs, AR Metro Area",99154,51025,51025,10618,10618,40407,40407,,13592,4194,16042,21512,6645,1508,288626,24804,6720,24538,24550,10106,5578,26300
207,"Houma-Thibodaux, LA Metro Area",209136,87332,87332,13583,13583,73749,73749,73749,18511,7782,21663,43557,12065,1212,486706,25959,29683,55173,31696,14831,8396,26380
208,"Houston-The Woodlands-Sugar Land, TX Metro Area",6997384,2637669,2637669,278403,278403,2359266,2359266,2359266,936531,392773,549794,937674,568938,134092,15237005,31989,735625,1045481,1235809,948842,541509,26420
209,"Huntington-Ashland, WV-KY-OH Metro Area",352823,165837,165837,29068,29068,136769,136769,136769,37022,12580,45175,77584,21031,7359,1009955,24217,27456,89251,74345,32033,23271,26580
210,"Huntsville, AL Metro Area",462693,200798,200798,15742,15742,185056,185056,185056,60054,16655,35862,90878,45049,9527,1278821,31237,31589,70028,89217,80615,48189,26620
213,"Idaho Falls, ID Metro Area",149051,54807,54807,4453,4453,50354,50354,50354,15215,3920,10432,15686,12686,11281,379833,26710,6915,24300,31520,18448,8351,26820
215,"Indianapolis-Carmel-Anderson, IN Metro Area",2048428,867509,867509,84164,84164,783345,783345,783345,276374,89169,230199,332329,158981,41757,5396570,32217,142586,376270,370031,309149,169279,26900
216,"Iowa City, IA Metro Area",173401,74788,74788,5102,5102,69686,69686,69686,27834,7248,22477,24824,12983,5488,449824,30899,4876,17473,30192,25074,26004,26980
217,"Ithaca, NY Metro Area",102793,43883,43883,,3633,40250,40250,40250,17774,7230,10064,15449,7473,2402,261652,29222,3735,11508,13481,12578,18457,27060
218,"Jackson, MI Metro Area",158823,69696,69696,7098,7098,62598,62598,62598,17231,5478,17214,32124,10932,2195,419690,25666,10525,38174,39113,15362,7954,27100
219,"Jackson, MS Metro Area",583080,245769,245769,35603,35603,210166,210166,210166,67755,15364,55741,121572,43099,7620,1422673,27139,40509,96041,124828,76016,50205,27140
220,"Jackson, TN Metro Area",129209,56960,56960,6412,6412,50548,50548,50548,18858,4011,14372,26774,9718,1714,343251,26883,10678,29406,26940,12672,7150,27180
221,"Jacksonville, FL Metro Area",1534701,655462,655462,80039,80039,575423,575423,575423,210111,57695,142706,295010,126545,25706,3846163,30777,98837,295990,330635,214643,121299,27260
222,"Jacksonville, NC Metro Area",197683,80259,80259,13425,13425,66834,66834,66834,31017,4635,18962,40803,13740,1851,459429,24729,10227,31625,39354,17464,7900,27340
224,"Janesville-Beloit, WI Metro Area",163129,69235,69235,,4603,64632,64632,64632,22124,6335,18914,31422,8680,2875,411672,30003,9694,41231,35529,15972,8523,27500
226,"Jefferson City, MO Metro Area",150243,65775,65775,8722,8722,57053,57053,,16491,4792,15105,30894,10402,3988,424786,31217,9915,35200,28653,19709,10106,27620
227,"Johnson City, TN Metro Area",203921,98498,98498,13068,13068,85430,85430,85430,30053,8946,28220,43570,12831,3067,562634,24528,18278,45089,41684,23179,16601,27740
228,"Johnstown, PA Metro Area",131730,66035,66035,9552,9552,56483,56483,,14562,3215,17045,33519,9094,2244,420029,24924,7425,42555,24408,13530,6679,27780
229,"Jonesboro, AR Metro Area",132532,57268,57268,,4933,52335,52335,52335,22375,4802,13041,28578,8237,1468,321766,23478,11324,32268,20905,13699,7436,27860
230,"Joplin, MO Metro Area",178902,76587,76587,,5442,71145,71145,71145,24766,5798,19923,35777,10991,3291,464639,25414,14967,43113,35363,18974,7562,27900
231,"Kahului-Wailuku-Lahaina, HI Metro Area",167295,73889,73889,21038,21038,52851,52851,52851,19098,13082,19746,26287,7593,3455,330768,32292,9082,38395,36856,22769,12458,27980
232,"Kalamazoo-Portage, MI Metro Area",340318,150185,150185,17344,17344,132841,132841,132841,43257,15624,37398,60300,26903,6980,919205,27863,17487,54604,70788,46159,29242,28020
234,"Kankakee, IL Metro Area",110024,45644,45644,5002,5002,40642,40642,40642,13353,3368,12670,21128,6439,1257,264728,25615,9088,25803,23471,8710,5652,28100
235,"Kansas City, MO-KS Metro Area",2142419,917911,917911,82819,82819,835092,835092,835092,292182,92841,219283,347614,193911,48221,5680923,34200,112705,367139,434029,340486,197246,28140
238,"Kennewick-Richland, WA Metro Area",296224,106032,106032,7044,7044,98988,98988,98988,32496,8092,19621,48394,22135,6029,647832,31294,28588,45996,60463,30465,20444,28420
240,"Killeen-Temple, TX Metro Area",451681,178904,178904,26744,26744,152160,152160,152160,66702,16570,33198,85352,38491,3015,962266,27505,27478,77051,109982,42478,21889,28660
241,"Kingsport-Bristol-Bristol, TN-VA Metro Area",306562,149268,149268,23500,23500,125768,125768,125768,33470,12586,41985,68637,19971,3944,875900,22940,29656,81007,65961,29997,17630,28700
242,"Kingston, NY Metro Area",178599,85431,85431,16277,16277,69154,69154,69154,22663,13640,21460,30969,13294,4235,498295,31758,12200,38701,37934,23342,17980,28740
244,"Knoxville, TN Metro Area",882598,399186,399186,54529,54529,344657,344657,344657,107919,28153,105841,176612,65173,16599,2404579,26978,67671,187304,180945,104601,70780,28940
245,"Kokomo, IN Metro Area",82366,39559,39559,,4420,35139,35139,35139,11267,4189,9701,17610,6004,1257,240435,30864,7077,20242,17279,8514,4443,29020
246,"La Crosse-Onalaska, WI-MN Metro Area",136808,59352,59352,3195,,56157,56157,56157,20281,6125,16441,20870,11082,3789,368199,30780,3775,24670,29475,19479,12093,29100
247,"Lafayette, LA Metro Area",489364,211681,211681,27324,27324,184357,184357,184357,57686,16147,53189,109043,27940,3723,1172849,26056,51518,117865,74823,54709,23813,29180
248,"Lafayette-West Lafayette, IN Metro Area",222676,90200,90200,8316,8316,81884,81884,81884,35477,11443,19499,36311,17707,2703,540720,24547,10362,33269,37350,27397,18364,29200
250,"Lake Charles, LA Metro Area",209548,95671,95671,15286,15286,80385,80385,80385,26862,6892,24122,48245,13574,2182,545327,26206,18001,46716,44967,20604,9731,29340
252,"Lake Havasu City-Kingman, AZ Metro Area",209550,115269,115269,24999,24999,90270,90270,90270,26616,6331,38782,56100,11156,642,580326,23492,20798,55424,61519,15673,7353,29420
253,"Lakeland-Winter Haven, FL Metro Area",708009,299432,299432,58261,58261,241171,241171,241171,73224,25456,91168,123345,44773,8804,1665582,25816,73451,171703,149752,63259,33583,29460
254,"Lancaster, PA Metro Area",543557,212243,212243,9753,9753,202490,202490,202490,66038,18801,45839,90100,43262,10470,1341660,31881,55463,124851,82041,65673,38742,29540
255,"Lansing-East Lansing, MI Metro Area",481893,203771,203771,16939,16939,186832,186832,186832,65471,21468,51339,83076,36096,8100,1237188,29695,19877,71590,112889,63847,42620,29620
256,"Laredo, TX Metro Area",275910,84466,84466,9166,9166,75300,75300,75300,29464,7531,21305,41315,9974,2655,447858,21503,52381,32814,37862,22514,7975,29700
257,"Las Cruces, NM Metro Area",217522,89060,89060,8651,8651,80409,80409,80409,31765,7623,24930,37968,14464,2507,470877,20430,27330,31650,36760,24246,14261,29740
258,"Las Vegas-Henderson-Paradise, NV Metro Area",2231647,913385,913385,104780,104780,808605,808605,808605,370321,103308,236616,318859,170289,45589,4830406,30872,216265,429391,508165,246720,129667,29820
260,"Lawrence, KS Metro Area",121436,51068,51068,,,48907,48907,48907,23008,6206,12716,18178,9101,3244,300296,25752,2393,10665,18217,19217,20900,29940
261,"Lawton, OK Metro Area",125696,54668,54668,10057,10057,44611,44611,44611,19420,4959,11823,27955,7156,1070,293347,25976,9504,25409,27157,10435,8334,30020
262,"Lebanon, PA Metro Area",141314,58010,58010,,3488,54522,54522,54522,16007,5058,12347,28465,8616,2216,357327,29980,12047,44117,21426,13537,6619,30140
263,"Lewiston, ID-WA Metro Area",63018,28344,28344,,3077,25267,25267,,6855,2839,8888,9617,5063,1496,174549,28164,2774,15205,17164,6644,2559,30300
264,"Lewiston-Auburn, ME Metro Area",107679,50052,50052,,5155,44897,44897,,17309,5357,16155,19600,6184,1549,274047,30315,7776,26306,26960,10486,4347,30340
265,"Lexington-Fayette, KY Metro Area",516697,222288,222288,17868,17868,204420,204420,204420,81546,22357,54085,91103,41415,10110,1323511,30183,32577,78730,99392,75070,55260,30460
266,"Lima, OH Metro Area",102663,45192,45192,3988,3988,41204,41204,,14401,3144,11352,21792,6909,1221,277562,24715,6207,27729,22664,6725,5182,30620
267,"Lincoln, NE Metro Area",333964,140696,140696,8075,8075,132621,132621,132621,52352,19662,35617,49280,24147,8234,867092,31057,12645,45114,66373,54614,30107,30700
268,"Little Rock-North Little Rock-Conway, AR Metro Area",741357,328929,328929,44546,44546,284383,284383,284383,99308,25504,74893,160263,51250,8544,1892246,29860,49447,145915,155245,88784,58815,30780
269,"Logan, UT-ID Metro Area",141476,47047,47047,3624,3624,43423,43423,43423,15277,2953,10024,11044,11293,11198,329416,24659,4802,15955,24638,18101,9712,30860
271,"Longview, TX Metro Area",219417,90808,90808,14392,14392,76416,76416,76416,25308,7868,21381,48060,10992,1474,509005,25916,22144,47802,49248,16823,8304,30980
272,"Longview, WA Metro Area",108987,44959,44959,,,43279,43279,43279,13875,3956,9928,20217,7256,1785,259364,28381,7418,24975,30257,8720,4074,31020
273,"Los Angeles-Long Beach-Anaheim, CA Metro Area",13291486,4672663,4672663,318361,318361,4354302,4354302,4354302,2255530,826837,1380619,1341665,653222,178250,22991048,31070,1740111,1810764,2436574,2061593,1102732,31080
274,"Louisville/Jefferson County, KY-IN Metro Area",1296815,562814,562814,55347,55347,507467,507467,507467,168200,51688,149121,241511,85894,24924,3355137,30895,92201,261615,274821,164603,107465,31140
275,"Lubbock, TX Metro Area",319995,135468,135468,15343,15343,120125,120125,120125,52004,17716,30058,62892,20007,1838,729055,25627,26188,50955,57400,36164,19250,31180
278,"Lynchburg, VA Metro Area",265405,117697,117697,14421,14421,103276,103276,103276,31675,6585,32012,56164,16777,5444,721410,26005,17628,56907,53636,30474,18754,31340
279,"Macon-Bibb County, GA Metro Area",226680,101899,101899,17194,17194,84705,84705,84705,34631,9525,25694,45084,16489,3417,594982,25069,21677,48257,46631,20723,13832,31420
280,"Madera, CA Metro Area",157672,50971,50971,6487,6487,44484,44484,44484,16065,2742,10159,23283,11059,1742,286152,23434,31178,23015,29917,10732,4559,31460
281,"Madison, WI Metro Area",660422,290894,290894,15300,15300,275594,275594,275594,107519,38251,75520,108301,46559,12241,1703530,37985,23161,92147,125125,120130,82619,31540
282,"Manchester-Nashua, NH Metro Area",415247,172044,172044,10395,10395,161649,161649,161649,54743,19540,50943,62843,28844,5814,1011309,36897,22477,76532,81573,70785,42538,31700
283,"Manhattan, KS Metro Area",97980,41175,41175,5263,5263,35912,,35912,17837,4597,9633,13503,7622,3098,235053,22569,2793,10623,15197,13369,9942,31740
285,"Mankato-North Mankato, MN Metro Area",101647,42424,42424,3161,3161,39263,39263,39263,13007,3985,10613,14242,9386,2884,264611,30036,4347,15506,21526,13955,6457,31860
286,"Mansfield, OH Metro Area",121099,54173,54173,6068,6068,48105,48105,48105,16045,3770,13457,27912,6244,1555,327606,24499,11773,33960,24644,9920,5818,31900
293,"Mayag√ºez, PR Metro Area",87598,47688,47688,10148,10148,37540,37540,37540,15246,4635,13043,21899,5867,832,223432,,,,,,,32420
294,"McAllen-Edinburg-Mission, TX Metro Area",865939,281655,281655,44332,44332,237323,237323,237323,74502,27666,79198,122866,38519,7991,1385331,19173,164831,117396,115768,64552,26841,32580
296,"Medford, OR Metro Area",219564,96251,96251,6464,6464,89787,89787,89787,30479,10446,24634,45734,11977,1586,513535,28315,16410,37796,59406,27581,16736,32780
297,"Memphis, TN-MS-AR Metro Area",1350064,574982,574982,70841,70841,504141,504141,504141,199296,48069,136904,253657,96788,29471,3425693,27969,107485,265167,265316,159064,94711,32820
298,"Merced, CA Metro Area",274765,85766,85766,6279,6279,79487,79487,79487,37311,4486,18415,41108,17914,2139,473008,25596,49198,44402,45534,15119,8761,32900
300,"Miami-Fort Lauderdale-West Palm Beach, FL Metro Area",6198782,2548910,2548910,405843,405843,2143067,2143067,2143067,859668,365214,933199,784885,300980,84143,12641403,27216,618590,1171667,1184810,912432,557250,33100
301,"Michigan City-La Porte, IN Metro Area",110007,49209,49209,6087,6087,43122,43122,43122,11691,3361,12426,24457,6640,1946,291183,26513,9159,32274,21351,10074,4958,33140
302,"Midland, MI Metro Area",83209,37115,37115,,3024,34091,34091,,9071,3675,9041,14933,7484,1692,232939,29167,3600,17351,18718,10329,8371,33220
303,"Midland, TX Metro Area",177218,63685,63685,,4506,59179,59179,59179,20047,7008,12738,27854,12571,1646,361075,38199,18182,26405,36054,21751,8810,33260
304,"Milwaukee-Waukesha-West Allis, WI Metro Area",1576113,681231,681231,46833,46833,634398,634398,634398,251335,79254,194397,258689,105834,23377,3937767,32803,90903,287017,309049,242429,144121,33340
305,"Minneapolis-St. Paul-Bloomington, MN-WI Metro Area",3629190,1460569,1460569,74101,74101,1386468,1386468,1386468,415957,184812,360681,451423,318043,111481,9347120,39573,152495,516302,747126,685966,364587,33460
307,"Missoula, MT Metro Area",118791,54922,54922,,4521,50401,50401,,21532,7082,17191,15640,9553,3385,308560,26959,3495,16439,28967,19263,12930,33540
308,"Mobile, AL Metro Area",413757,184687,184687,26060,26060,158627,158627,158627,63441,17201,39907,92136,28342,4193,1071667,25256,39834,97080,80823,41139,21335,33660
309,"Modesto, CA Metro Area",549815,182305,182305,7134,7134,175171,175171,175171,71480,13767,44862,78714,33968,8056,1013165,27991,68958,107960,113904,39921,18053,33700
310,"Monroe, LA Metro Area",176805,82278,82278,17487,17487,64791,64791,64791,24781,6205,21004,41810,10976,1131,458528,26569,12073,42216,36535,17594,8161,33740
311,"Monroe, MI Metro Area",150439,64803,64803,,3217,61586,61586,,12169,3368,12092,34198,12643,2173,431183,31690,7481,35472,39380,15819,8210,33780
312,"Montgomery, AL Metro Area",373401,168054,168054,25326,25326,142728,142728,142728,51071,9655,34001,81564,34927,5784,1011894,25930,34377,74686,72017,43045,30419,33860
314,"Morgantown, WV Metro Area",140259,60241,60241,,7068,53173,53173,53173,20021,5629,17531,25118,9433,1375,353422,25120,6418,30041,20054,17104,17634,34060
315,"Morristown, TN Metro Area",118581,51551,51551,7779,7779,43772,43772,43772,12530,2119,14060,25236,8455,1580,309349,23756,15066,32405,21474,9035,5140,34100
319,"Mount Vernon-Anacortes, WA Metro Area",128206,54451,54451,5977,5977,48474,48474,48474,14986,5706,13923,24681,7152,1336,305264,34324,8421,24769,33850,16277,8277,34580
320,"Muncie, IN Metro Area",114772,52731,52731,7420,7420,45311,45311,45311,15923,4983,16553,22031,5946,1485,300927,22493,8146,22869,22038,9434,8274,34620
321,"Muskegon, MI Metro Area",173588,74301,74301,7105,7105,67196,67196,67196,16712,5651,19646,35713,9878,2797,437929,26834,8002,40443,47738,15731,7814,34740
323,"Myrtle Beach-Conway-North Myrtle Beach, SC-NC Metro Area",480891,302984,302984,115052,115052,187932,187932,187932,43783,17807,89429,145462,38098,6947,1558532,25723,33318,113417,120824,62986,32911,34820
325,"Napa, CA Metro Area",139417,55465,55465,8150,8150,47315,47315,47315,17262,6361,16139,20758,8840,2121,302597,36289,13943,18497,31238,23099,10985,34900
326,"Naples-Immokalee-Marco Island, FL Metro Area",378488,218279,218279,74107,74107,144172,144172,144172,37736,12257,85217,90580,21893,4771,1114779,31485,37372,67746,73130,65301,45151,34940
327,"Nashville-Davidson--Murfreesboro--Franklin, TN Metro Area",1932099,801341,801341,70632,70632,730709,730709,730709,251551,73373,186206,354366,136569,34372,4843591,32344,130691,349817,359913,303121,167291,34980
328,"New Bern, NC Metro Area",123433,60397,60397,10870,10870,49527,49527,49527,17794,2862,12581,34220,8869,1492,359367,26514,9373,24425,30691,13151,7601,35100
330,"New Haven-Milford, CT Metro Area",857620,367766,367766,32227,32227,335539,335539,335539,131069,52424,110377,131459,52354,11304,2033697,34382,57722,189357,141878,110431,99559,35300
331,"New Orleans-Metairie, LA Metro Area",1270399,559529,559529,77087,77087,482442,482442,482442,182013,66992,138484,224590,101557,16170,3175692,27123,109197,253068,252552,172473,98501,35380
333,"New York-Newark-Jersey City, NY-NJ-PA Metro Area",19979477,8021225,8021225,738302,738302,7282923,7282923,7282923,3513413,1655319,2183289,2239361,1118163,389378,41885799,37033,1794881,3425323,3004384,3326132,2413339,35620
334,"Niles-Benton Harbor, MI Metro Area",154141,77645,77645,12862,12862,64783,64783,64783,17834,5363,20122,34046,12999,3460,476571,28319,11224,28417,36129,20502,11163,35660
335,"North Port-Sarasota-Bradenton, FL Metro Area",821573,438587,438587,104052,104052,334535,334535,334535,85437,34007,187253,164778,39202,6394,2340514,30331,51867,187325,191515,120537,85628,35840
337,"Norwich-New London, CT Metro Area",266784,123618,123618,15520,15520,108098,108098,108098,36595,13863,34809,50115,18868,4157,725866,34320,15988,58052,52766,36319,26385,35980
339,"Ocala, FL Metro Area",359977,170513,170513,27072,27072,143441,143441,143441,35010,8262,56027,82598,19531,2458,952362,23628,33036,103194,78331,35482,17659,36100
340,"Ocean City, NJ Metro Area",92560,99427,99427,60219,60219,39208,39208,39208,7677,5474,21167,40319,21438,9403,584202,33479,5384,20799,20192,16203,8508,36140
341,"Odessa, TX Metro Area",162124,58685,58685,,4359,54326,54326,54326,19177,6456,12608,27038,8415,1147,312820,33438,23366,29083,28910,10494,5127,36220
342,"Ogden-Clearfield, UT Metro Area",676948,226478,226478,15146,15146,211332,211332,211332,50897,11720,36858,64834,55473,53756,1641025,32430,28090,102127,145909,89851,39973,36260
344,"Oklahoma City, OK Metro Area",1396445,579416,579416,57377,57377,522039,522039,522039,192848,56864,131244,276313,91122,13390,3279345,30091,95696,250542,288996,177513,103391,36420
346,"Olympia-Tumwater, WA Metro Area",286419,117860,117860,7147,7147,110713,110713,110713,39779,9643,29165,54854,18559,3136,696041,37226,10645,43814,70777,46801,30694,36500
347,"Omaha-Council Bluffs, NE-IA Metro Area",941924,390387,390387,27623,27623,362764,362764,362764,127305,48147,89783,145884,75163,21845,2457072,34722,51957,145144,195390,146025,79497,36540
350,"Orlando-Kissimmee-Sanford, FL Metro Area",2572962,1050682,1050682,174180,174180,876502,876502,876502,341468,103527,265695,403480,205958,49248,5912335,27386,185554,461686,534947,381057,204277,36740
351,"Oshkosh-Neenah, WI Metro Area",171020,76015,76015,4683,4683,71332,71332,71332,23548,5620,21822,32349,11152,2170,441092,30714,9154,37774,39844,21212,7965,36780
353,"Owensboro, KY Metro Area",119691,51605,51605,4918,4918,46687,46687,46687,14293,3850,14512,23668,7228,1894,301978,26359,7102,28743,27408,10686,6815,36980
355,"Oxnard-Thousand Oaks-Ventura, CA Metro Area",850967,290984,290984,19004,19004,271980,271980,271980,102016,28911,65971,98314,72260,18694,1668226,33782,84780,116809,187771,117297,69979,37100
358,"Palm Bay-Melbourne-Titusville, FL Metro Area",596849,280390,280390,54027,54027,226363,226363,226363,55114,18868,73461,132398,48076,4760,1601933,27857,35401,125326,145163,86957,50860,37340
359,"Panama City, FL Metro Area",202977,114504,114504,34057,34057,80447,80447,80447,25141,10220,33660,52855,13052,2118,594972,27148,13918,47708,48485,21070,11107,37460
360,"Parkersburg-Vienna, WV Metro Area",92499,43680,43680,4685,4685,38995,38995,,10502,3505,12963,19829,5639,1371,263861,25440,6392,23339,23003,8502,4793,37620
361,"Pensacola-Ferry Pass-Brent, FL Metro Area",494883,215510,215510,32799,32799,182711,182711,182711,58406,10870,53414,104039,41357,3486,1267743,29347,25042,95058,125325,60492,33606,37860
362,"Peoria, IL Metro Area",368683,166773,166773,19166,19166,147607,147607,147607,45071,18614,47034,66162,26345,6495,1003947,30714,20135,76524,83728,46014,26409,37900
363,"Philadelphia-Camden-Wilmington, PA-NJ-DE-MD Metro Area",6096372,2497446,2497446,211795,211795,2285651,2285651,2285651,764467,280138,514203,1008900,517662,117931,15586291,34702,376166,1236248,1005020,950153,660943,37980
364,"Phoenix-Mesa-Scottsdale, AZ Metro Area",4857962,1940167,1940167,209767,209767,1730400,1730400,1730400,624706,213306,498772,673174,402667,104129,10836539,31853,391315,749520,1077448,658424,381964,38060
365,"Pine Bluff, AR Metro Area",90306,42308,42308,9841,9841,32467,32467,,12014,2996,9943,23199,4629,1052,248323,22737,7023,27531,17679,6781,3434,38220
367,"Pittsburgh, PA Metro Area",2324743,1130046,1130046,116234,116234,1013812,1013812,1013812,308230,123728,299364,463557,179899,41969,6939928,31612,94126,546193,452461,363441,237858,38300
368,"Pittsfield, MA Metro Area",126348,69393,69393,14181,14181,55212,55212,55212,17573,9470,16517,28337,10229,3072,403423,31296,6514,27999,26280,18893,13410,38340
370,"Pocatello, ID Metro Area",87138,34441,34441,,3806,30635,30635,30635,10639,2052,8418,10641,8339,4222,221954,25035,4189,14402,21508,10152,5312,38540
371,"Ponce, PR Metro Area",288127,136972,136972,29407,29407,107565,107565,107565,32903,6363,23294,84200,18074,3973,677912,,,,,,,38660
373,"Portland-South Portland, ME Metro Area",535420,275704,275704,47456,47456,228248,228248,228248,67663,33383,81210,106953,38113,9248,1578438,35014,19115,97578,114206,101706,61994,38860
374,"Portland-Vancouver-Hillsboro, OR-WA Metro Area",2478996,1008538,1008538,53591,53591,954947,954947,954947,359090,109466,250570,386533,178850,44742,5794117,36323,137578,350393,562611,435286,264430,38900
375,"Port St. Lucie, FL Metro Area",482040,223168,223168,41330,41330,181838,181838,181838,44035,10081,82357,90753,33959,2751,1279193,28817,42699,103512,116070,59339,37078,38940
378,"Prescott, AZ Metro Area",231993,118410,118410,17574,17574,100836,100836,100836,26935,11031,32766,57369,13355,2467,663882,25711,18512,44037,68929,29024,18073,39140
379,"Providence-Warwick, RI-MA Metro Area",1621337,705461,705461,83756,83756,621705,621705,621705,239105,93730,211283,274945,88383,20061,3951992,31996,137020,337138,299928,217471,145012,39300
380,"Provo-Orem, UT Metro Area",632705,183774,183774,9348,9348,174426,174426,174426,52802,7789,29719,53082,38146,52037,1333450,25973,17670,53892,113509,89296,41298,39340
381,"Pueblo, CO Metro Area",167529,71451,71451,6497,6497,64954,64954,64954,22544,6958,20402,24828,12527,4843,417543,25220,11421,32843,45783,16537,8498,39380
382,"Punta Gorda, FL Metro Area",184998,105164,105164,30189,30189,74975,74975,74975,12467,5522,41301,50333,6175,382,528176,24429,16268,53562,47230,21606,14254,39460
384,"Racine, WI Metro Area",196584,82908,82908,,6100,76808,76808,76808,25822,6783,23610,34227,13726,3131,491299,30844,12449,41409,46783,22529,12360,39540
385,"Raleigh, NC Metro Area",1362540,548200,548200,43346,43346,504854,504854,504854,176354,49356,113129,228107,112574,38052,3409950,37448,69380,161386,244926,277214,161628,39580
386,"Rapid City, SD Metro Area",147316,65885,65885,7376,7376,58509,58509,58509,17438,4986,18321,22089,15674,3247,398395,31123,5708,32329,31582,21456,10831,39660
387,"Reading, PA Metro Area",420152,167383,167383,10377,10377,157006,157006,157006,44987,15594,32227,70028,36792,9439,1069093,30733,38808,101276,73963,46063,25792,39740
388,"Redding, CA Metro Area",180040,79187,79187,10989,10989,68198,68198,68198,23796,6143,22493,39074,8341,1681,420862,26609,14670,29514,54601,17578,10638,39820
389,"Reno, NV Metro Area",471265,203338,203338,15614,15614,187724,187724,187724,78428,27066,48273,75806,35747,8120,1097254,33482,33407,78828,112691,63497,38860,39900
391,"Richmond, VA Metro Area",1303621,535243,535243,37827,37827,497416,497416,497416,171199,40450,113607,213991,121911,36101,3423370,33637,95164,227674,237393,212569,132900,40060
393,"Riverside-San Bernardino-Ontario, CA Metro Area",4622361,1574567,1574567,207817,207817,1366750,1366750,1366750,483970,131605,409273,552675,348323,101913,8754565,28106,539746,835246,946871,417430,231809,40140
394,"Roanoke, VA Metro Area",314515,147101,147101,20414,20414,126687,126687,126687,41165,9381,40232,65039,24202,5638,883438,29249,23526,70437,64748,42399,24623,40220
396,"Rochester, MN Metro Area",219802,95278,95278,6634,6634,88644,88644,88644,23806,7604,23549,30167,23140,7952,625237,37438,9394,34777,47146,34538,24066,40340
397,"Rochester, NY Metro Area",1071082,482352,482352,51670,51670,430682,430682,430682,136951,60220,111142,187561,92588,20363,2948107,31149,70574,187259,217511,149005,122140,40380
398,"Rockford, IL Metro Area",337658,145829,145829,12780,12780,133049,133049,133049,41426,13230,38886,61736,23880,5140,886687,28912,27275,75967,73981,31930,20341,40420
399,"Rocky Mount, NC Metro Area",146021,68181,68181,9337,9337,58844,58844,58844,20011,2107,17651,36236,9107,1668,394525,25917,12397,37341,31476,14944,5475,40580
400,"Rome, GA Metro Area",97927,40639,40639,,5967,34672,34672,34672,13797,2554,11846,17365,6587,1553,239220,23627,12184,24108,18130,6537,4570,40660
404,"Sacramento--Roseville--Arden-Arcade, CA Metro Area",2345210,911214,911214,75761,75761,835453,835453,835453,328335,96474,221497,340152,190007,42940,5127206,33738,162798,330518,549807,352931,192028,40900
405,"Saginaw, MI Metro Area",190800,87810,87810,9070,9070,78740,78740,78740,23216,6418,20480,46141,10499,2529,533248,26796,11732,44404,47849,16854,10137,40980
406,"St. Cloud, MN Metro Area",199801,82549,82549,7612,7612,74937,74937,74937,24273,6927,21136,28781,18189,5244,503894,29485,9999,33851,47166,22202,11851,41060
407,"St. George, UT Metro Area",171700,71349,71349,,11486,59863,59863,59863,17183,3725,15925,29101,12533,9458,439466,27778,7572,24883,44993,21597,13386,41100
408,"St. Joseph, MO-KS Metro Area",126991,54038,54038,7222,7222,46816,46816,,15418,6347,16362,22402,6237,1655,317887,28847,9193,34255,25217,13785,5440,41140
409,"St. Louis, MO-IL Metro Area",2804724,1262336,1262336,124858,124858,1137478,1137478,1137478,359888,129321,342635,500060,220699,49542,7615007,32834,151201,500722,619834,401242,277938,41180
411,"Salem, OR Metro Area",432102,159836,159836,9107,9107,150729,150729,150729,60751,12395,45788,72278,21367,4087,910388,27470,39526,73017,101521,46017,23627,41420
412,"Salinas, CA Metro Area",435594,142414,142414,16115,16115,126299,126299,126299,61503,16748,37983,53879,22515,4283,726011,28746,76675,58339,73835,40932,28128,41500
413,"Salisbury, MD-DE Metro Area",409979,251638,251638,90333,90333,161305,161305,161305,41901,13417,58140,124722,41911,10486,1505449,29282,33275,95857,87190,47245,32306,41540
414,"Salt Lake City, UT Metro Area",1222540,426150,426150,23908,23908,402242,402242,402242,130931,44361,88487,107215,91259,84660,2798411,34033,66932,178417,253413,170326,100970,41620
415,"San Angelo, TX Metro Area",119310,49393,49393,5455,5455,43938,43938,43938,16460,5026,14075,20137,7584,925,259577,26912,8764,25526,23753,13197,5281,41660
416,"San Antonio-New Braunfels, TX Metro Area",2518036,905875,905875,81987,81987,823888,823888,823888,310532,116492,187269,372459,171041,32565,5119877,28310,243860,438341,500556,285566,163842,41700
417,"San Diego-Carlsbad, CA Metro Area",3343364,1224390,1224390,93479,93479,1130911,1130911,1130911,530366,167649,373395,366541,210192,56528,6337396,34238,289510,420657,693804,526304,347504,41740
419,"San Francisco-Oakland-Hayward, CA Metro Area",4729484,1825205,1825205,126227,126227,1698978,1698978,1698978,765074,303006,485710,530495,296919,89147,9335251,48016,340961,537633,803220,1025802,724789,41860
420,"San Germ√°n, PR Metro Area",118510,67704,67704,27272,27272,40432,40432,,12184,5152,15591,37620,7722,815,289894,,,,,,,41900
421,"San Jose-Sunnyvale-Santa Clara, CA Metro Area",1999107,697955,697955,34085,34085,663870,663870,663870,294146,93919,174511,217928,143751,35941,3641871,48238,151511,196184,307701,389587,345293,41940
422,"San Juan-Carolina-Caguas, PR Metro Area",2024604,971988,971988,222466,222466,749522,749522,749522,245385,55800,183165,546655,145957,19719,4624849,,,,,,,41980
423,"San Luis Obispo-Paso Robles-Arroyo Grande, CA Metro Area",284010,122971,122971,16773,16773,106198,106198,106198,41118,11241,36842,53366,15170,2913,657273,32089,16942,37705,69441,41426,24565,42020
424,"Santa Cruz-Watsonville, CA Metro Area",274255,106718,106718,11724,11724,94994,94994,94994,37907,13391,33901,40137,12745,2225,548116,32252,24755,27506,55971,42071,30470,42100
425,"Santa Fe, NM Metro Area",150056,73463,73463,10756,10756,62707,62707,62707,18075,6629,20579,34818,8475,1328,388582,32428,13029,27867,27133,21263,22902,42140
426,"Santa Maria-Santa Barbara, CA Metro Area",446527,158315,158315,12091,12091,146224,146224,146224,69620,22219,45227,54897,24082,5370,824565,29344,51380,52227,77140,55568,40852,42200
427,"Santa Rosa, CA Metro Area",499942,205247,205247,17813,17813,187434,187434,187434,72190,23882,62274,76058,31915,5599,1094336,35380,40409,65771,124337,79289,51071,42220
428,"Savannah, GA Metro Area",389494,163292,163292,20383,20383,142909,142909,142909,56498,15130,34548,80413,23725,7725,983498,30075,24402,72249,83971,46870,33728,42340
429,"Scranton--Wilkes-Barre--Hazleton, PA Metro Area",555485,264517,264517,36786,36786,227731,227731,227731,74083,25643,58701,124787,39694,10378,1618404,27156,37528,152591,105585,64041,36901,42540
431,"Seattle-Tacoma-Bellevue, WA Metro Area",3939363,1617428,1617428,91218,91218,1526210,1526210,1526210,614200,224494,383029,532168,313297,87333,9211505,41881,195671,530239,835499,742826,465479,42660
432,"Sebastian-Vero Beach, FL Metro Area",157413,81037,81037,23401,23401,57636,57636,57636,10101,4720,26210,38887,9352,1602,472329,26174,14094,32187,40474,23478,13431,42680
433,"Sebring, FL Metro Area",105424,55760,55760,15187,15187,40573,40573,,8675,5983,23930,20927,3217,607,277350,22193,10657,30499,24807,8725,4971,42700
437,"Sheboygan, WI Metro Area",115456,51352,51352,,5044,46308,46308,46308,13106,3581,13745,24110,7371,1965,314079,35143,5518,28207,27896,12823,6598,43100
440,"Sherman-Denison, TX Metro Area",133991,56735,56735,7772,7772,48963,48963,48963,16167,3863,14812,27980,6831,1889,341082,27959,9183,26797,35438,11880,7221,43300
442,"Shreveport-Bossier City, LA Metro Area",436341,204144,204144,32604,32604,171540,171540,171540,65989,21484,45941,102769,27358,3501,1127019,24376,38500,101063,84573,45387,23232,43340
443,"Sierra Vista-Douglas, AZ Metro Area",126770,61318,61318,11567,11567,49751,49751,49751,14049,4097,15091,27133,12281,1048,351985,24579,11136,22049,36044,11563,7776,43420
444,"Sioux City, IA-NE-SD Metro Area",169354,71056,71056,5126,5126,65930,65930,65930,20997,6835,20110,25487,12902,4477,447101,31781,12722,35233,38575,17497,8036,43580
445,"Sioux Falls, SD Metro Area",266100,111652,111652,9002,9002,102650,102650,102650,33829,10897,30276,35543,21752,9933,692278,32396,11560,45639,57911,40942,18214,43620
447,"South Bend-Mishawaka, IN-MI Metro Area",322424,143517,143517,14939,14939,128578,128578,128578,38750,13681,37814,59141,25484,4574,867462,28661,22479,64192,63737,38448,25620,43780
448,"Spartanburg, SC Metro Area",341298,145544,145544,17892,17892,127652,127652,127652,37318,7844,33252,76999,20456,5304,860827,26372,30494,73880,73809,34395,19313,43900
449,"Spokane-Spokane Valley, WA Metro Area",573527,249137,249137,20119,20119,229018,229018,229018,80536,27319,63231,80741,52674,19505,1530929,29204,26037,93450,156376,76781,42143,44060
450,"Springfield, IL Metro Area",207676,97663,97663,9362,9362,88301,88301,88301,27712,7804,27947,43175,14640,3069,593771,34448,10781,41163,45225,29645,18214,44100
451,"Springfield, MA Metro Area",631761,257938,257938,20358,20358,237580,237580,237580,91567,31647,69734,100417,38781,9886,1453567,28867,53817,115878,112566,78050,60390,44140
452,"Springfield, MO Metro Area",468126,205574,205574,13061,13061,192513,192513,192513,73200,16799,51919,87691,25777,11166,1165656,26202,28906,91600,105545,49521,32723,44180
453,"Springfield, OH Metro Area",134585,61307,61307,5980,5980,55327,55327,55327,19269,5262,18668,26812,8394,1350,360708,27165,11062,31732,31858,11920,5762,44220
454,"State College, PA Metro Area",162805,67155,67155,8641,8641,58514,58514,58514,21542,8431,13842,27682,11511,3095,397194,26019,5240,28321,18596,23042,22748,44300
456,"Staunton-Waynesboro, VA Metro Area",123007,55170,55170,5125,5125,50045,50045,50045,15916,3389,14051,26240,9205,1704,335138,28781,11437,34146,21711,14277,8265,44420
459,"Stockton-Lodi, CA Metro Area",752660,245561,245561,13644,13644,231917,231917,231917,105439,20227,57005,97772,50407,13620,1370230,29768,94407,146372,149489,58966,26390,44700
460,"Sumter, SC Metro Area",106512,48282,48282,7886,7886,40396,40396,40396,15206,2192,8431,27606,8254,1509,290757,24608,10425,20687,25548,9148,5131,44940
462,"Syracuse, NY Metro Area",650502,296359,296359,38916,38916,257443,257443,257443,82115,33842,72597,115078,58539,11506,1819351,31250,43086,125608,133029,75739,65562,45060
464,"Tallahassee, FL Metro Area",387455,171457,171457,25106,25106,146351,146351,146351,59846,17428,38185,84243,25620,4072,936036,26720,25991,61730,67484,50249,38550,45220
465,"Tampa-St. Petersburg-Clearwater, FL Metro Area",3142663,1435447,1435447,208122,208122,1227325,1227325,1227325,432831,163411,528892,478928,195600,40636,7749024,29343,231724,668969,672683,451071,248314,45300
466,"Terre Haute, IN Metro Area",168679,75293,75293,7546,7546,67747,67747,67747,22917,6824,23588,29748,9219,2721,439199,25851,9870,41130,36233,15150,9198,45460
467,"Texarkana, TX-AR Metro Area",151675,66700,66700,10090,10090,56610,56610,56610,20702,5086,15923,33998,7264,581,362847,26767,11254,35049,36851,13781,6042,45500
468,"The Villages, FL Metro Area",128754,72372,72372,,9518,62854,62854,,7883,2387,23313,43528,2611,240,382055,27373,9829,34205,36024,19542,16253,45540
469,"Toledo, OH Metro Area",602871,275164,275164,29512,29512,245652,245652,245652,92477,29208,72147,115526,46886,7742,1669796,27597,36932,129604,127941,65469,42234,45780
470,"Topeka, KS Metro Area",232594,105397,105397,10033,10033,95364,95364,95364,30434,8423,26083,41993,16450,5148,626110,31047,13195,52062,48102,29521,15175,45820
473,"Trenton, NJ Metro Area",369811,145132,145132,12152,12152,132980,132980,132980,49761,18793,34255,46959,31335,9846,884947,33576,32557,63288,48004,54834,50353,45940
475,"Tucson, AZ Metro Area",1039073,462778,462778,60455,60455,402323,402323,402323,151689,64765,127490,165021,79337,12992,2425274,27521,82016,162971,234566,129456,91482,46060
477,"Tulsa, OK Metro Area",993928,434806,434806,53218,53218,381588,381588,381588,133682,44447,95925,202809,69263,14403,2524574,30010,67774,193541,218968,124689,58085,46140
479,"Tuscaloosa, AL Metro Area",244895,110843,110843,23246,23246,87597,87597,87597,31315,9993,26487,49397,19580,4087,622839,24119,16063,51052,46527,25138,17576,46220
480,"Twin Falls, ID Metro Area",109264,42170,42170,,,40130,40130,,12524,3031,8632,18384,8233,2731,257859,27209,11053,19209,25682,7827,5721,46300
481,"Tyler, TX Metro Area",230221,91101,91101,13771,13771,77330,77330,77330,25458,7226,18785,44193,15774,2261,514324,27242,20963,34354,52893,27357,15342,46340
483,"Urban Honolulu, HI Metro Area",980080,352582,352582,44374,44374,308208,308208,308208,137431,46942,93458,109755,57199,20897,1708035,36007,55984,175410,210213,157316,82465,46520
484,"Utica-Rome, NY Metro Area",291410,139326,139326,26526,26526,112800,112800,112800,36881,14578,33565,60046,22685,6469,846749,29714,21009,68815,61656,28941,23033,46540
485,"Valdosta, GA Metro Area",145577,62704,62704,9024,9024,53680,53680,53680,25015,4736,13298,32603,10411,1078,347572,25338,13228,30192,27758,11199,7112,46660
486,"Vallejo-Fairfield, CA Metro Area",446610,158815,158815,6524,6524,152291,152291,152291,56434,15632,33404,60292,38716,7360,903683,38942,33645,72214,117535,57916,27580,46700
487,"Victoria, TX Metro Area",99047,41067,41067,6337,6337,34730,34730,34730,10947,5279,11047,18921,5236,328,224795,26343,9539,20301,22176,9367,3911,47020
488,"Vineland-Bridgeton, NJ Metro Area",150972,56497,56497,6463,6463,50034,50034,50034,16264,6086,11540,27140,9549,842,348665,25321,21423,36875,27549,10088,6968,47220
489,"Virginia Beach-Norfolk-Newport News, VA-NC Metro Area",1729114,721597,721597,67122,67122,654475,654475,654475,257608,52026,174364,287952,154730,38757,4445441,32545,92472,286563,398252,235032,148307,47260
490,"Visalia-Porterville, CA Metro Area",465861,150217,150217,11020,11020,139197,139197,139197,57335,11387,38118,67818,26507,3524,799097,22649,79520,70194,81705,27845,15956,47300
491,"Waco, TX Metro Area",270566,110987,110987,13600,13600,97387,97387,97387,40753,10547,30528,49934,16242,2238,609719,24597,25068,45774,55837,25860,14118,47380
492,"Walla Walla, WA Metro Area",65611,27382,27382,,3489,23893,23893,23893,9409,3108,6937,9817,4635,1773,160310,26447,5222,8475,17542,7361,4608,47460
493,"Warner Robins, GA Metro Area",193729,79525,79525,,8014,71511,71511,,26258,4578,18388,35682,15654,3520,472660,30641,15218,36143,41391,21497,14259,47580
495,"Washington-Arlington-Alexandria, DC-VA-MD-WV Metro Area",6251240,2374883,2374883,140324,140324,2234559,2234559,2234559,814784,321909,502768,705972,535283,238034,15297831,47121,370099,761856,935331,1115304,1085498,47900
496,"Waterloo-Cedar Falls, IA Metro Area",169659,74416,74416,6032,6032,68384,68384,68384,20933,7184,20794,29265,12334,3721,455126,28475,8767,33619,34585,21933,10222,47940
498,"Watertown-Fort Drum, NY Metro Area",111755,60041,60041,15384,15384,44657,44657,44657,20244,6173,17082,25142,7664,2692,352698,29567,5928,23750,25061,9580,6521,48060
499,"Wausau, WI Metro Area",135428,59706,59706,,3461,56245,56245,56245,15745,3660,14064,27839,10436,2587,372020,32444,7262,30777,29629,17474,8460,48140
500,"Weirton-Steubenville, WV-OH Metro Area",120228,58798,58798,7118,7118,51680,51680,51680,14531,3824,17860,29366,5663,1399,357355,24958,8262,39145,25568,8600,5995,48260
501,"Wenatchee, WA Metro Area",119943,55248,55248,7393,7393,47855,47855,47855,16817,4956,14882,23811,8217,2060,309845,30896,14208,22022,24827,13112,7977,48300
502,"Wheeling, WV-OH Metro Area",140045,68798,68798,16363,16363,52435,52435,,13270,6157,19123,33745,7528,1052,413654,25786,7704,41491,29903,15457,7794,48540
504,"Wichita, KS Metro Area",645031,277530,277530,28731,28731,248799,248799,248799,83628,29944,65717,102960,46659,25051,1749632,29939,40683,110689,139233,82681,49035,48620
505,"Wichita Falls, TX Metro Area",151306,65446,65446,11017,11017,54429,54429,54429,19483,5287,17949,31536,8999,1209,369882,24786,11988,31058,32397,14003,8344,48660
506,"Williamsport, PA Metro Area",113664,53530,53530,8945,8945,44585,44585,44585,13722,5057,11877,25205,7258,2547,326887,26815,7138,30323,22512,13710,6298,48700
507,"Wilmington, NC Metro Area",294436,142860,142860,21974,21974,120886,120886,120886,47436,10139,35554,66543,23046,4786,810292,29421,15851,43703,66461,53011,24632,48900
509,"Winchester, VA-WV Metro Area",141848,61985,61985,8270,8270,53715,53715,53715,16538,4271,14720,28032,10625,2960,390172,33105,11962,31752,28314,14393,11290,49020
510,"Winston-Salem, NC Metro Area",671456,301150,301150,30378,30378,270772,270772,270772,96578,24285,76840,152394,35123,9018,1737686,28013,64384,134871,145756,77774,42332,49180
513,"Worcester, MA-CT Metro Area",947866,386302,386302,32900,32900,353402,353402,353402,119144,46324,105700,149504,64376,14144,2261415,34231,57107,184187,180154,143951,92504,49340
514,"Yakima, WA Metro Area",251446,89129,89129,5809,5809,83320,83320,83320,30382,7212,23487,37861,14144,2538,499086,25401,40511,42310,44188,15520,10130,49420
515,"York-Hanover, PA Metro Area",448273,184880,184880,10922,10922,173958,173958,173958,43236,14091,41123,81762,35331,9747,1192807,31971,31084,122067,78919,52368,27506,49620
516,"Youngstown-Warren-Boardman, OH-PA Metro Area",538952,259297,259297,31820,31820,227477,227477,227477,68788,18743,68683,123922,35269,7756,1575638,26139,38264,155544,105312,54490,30702,49660
517,"Yuba City, CA Metro Area",174848,63163,63163,4983,4983,58180,58180,58180,23342,4945,17450,27699,10407,2064,354017,26458,23576,24733,44572,13485,6939,49700
518,"Yuma, AZ Metro Area",212128,93571,93571,19039,19039,74532,74532,74532,25582,16925,23061,37090,12027,864,448802,23737,33019,36638,42733,15554,7169,49740
