,S1701_C01_001E,S2201_C01_001E,S0101_C01_024E,S0101_C01_022E,S0101_C01_028E,S0101_C02_032E,S2301_C01_001E,B01001_001E,B25001_001E,B25002_001E,B25004_001E,B25005_001E,B25048_001E,B25052_001E,B25006_001E,B25007_012E,B25041_003E,B25041_004E,B25041_005E,B25041_006E,B25041_007E,B25019_001E,B06011_001E,B06009_002E,B06009_003E,B06009_004E,B06009_005E,B06009_006E,2018
0,6906869,2359266,2988938,1856855,1151274,-888888888,5338778,6997384,2637669,2637669,278403.0,278403.0,2359266,2359266.0,2359266.0,936531,392773,549794,937674,568938,134092,15237005,31989.0,735625.0,1045481.0,1235809.0,948842.0,541509.0,463517102.0
1,344571,136769,129487,73847,90554,-888888888,287303,352823,165837,165837,29068.0,29068.0,136769,136769.0,136769.0,37022,12580,45175,77584,21031,7359,1009955,24217.0,27456.0,89251.0,74345.0,32033.0,23271.0,15042987.0
2,450216,185056,182436,102489,97023,-888888888,373428,462693,200798,200798,15742.0,15742.0,185056,185056.0,185056.0,60054,16655,35862,90878,45049,9527,1278821,31237.0,31589.0,70028.0,89217.0,80615.0,48189.0,25402021.0
3,147962,50354,58525,46869,26407,-888888888,106823,149051,54807,54807,4453.0,4453.0,50354,50354.0,50354.0,15215,3920,10432,15686,12686,11281,379833,26710.0,6915.0,24300.0,31520.0,18448.0,8351.0,6873624.0
4,2004301,783345,826093,505065,400236,-888888888,1599212,2048428,867509,867509,84164.0,84164.0,783345,783345.0,783345.0,276374,89169,230199,332329,158981,41757,5396570,32217.0,142586.0,376270.0,370031.0,309149.0,169279.0,123441866.0
5,128115,52335,55252,32879,27190,-888888888,103159,132532,57268,57268,35586.901162790695,4933.0,52335,52335.0,52335.0,22375,4802,13041,28578,8237,1468,321766,23478.0,11324.0,32268.0,20905.0,13699.0,7436.0,4769861.0
6,175559,71145,68992,43561,38426,-888888888,140076,178902,76587,76587,35586.901162790695,5442.0,71145,71145.0,71145.0,24766,5798,19923,35777,10991,3291,464639,25414.0,14967.0,43113.0,35363.0,18974.0,7562.0,7089459.0
7,164989,52851,60833,36038,42264,-888888888,134688,167295,73889,73889,21038.0,21038.0,52851,52851.0,52851.0,19098,13082,19746,26287,7593,3455,330768,32292.0,9082.0,38395.0,36856.0,22769.0,12458.0,9239666.0
8,89058,40250,54183,15467,21448,-888888888,89103,102793,43883,43883,35586.901162790695,3633.0,40250,40250.0,40250.0,17774,7230,10064,15449,7473,2402,261652,29222.0,3735.0,11508.0,13481.0,12578.0,18457.0,5530432.0
9,148980,62598,59114,33802,39566,-888888888,129716,158823,69696,69696,7098.0,7098.0,62598,62598.0,62598.0,17231,5478,17214,32124,10932,2195,419690,25666.0,10525.0,38174.0,39113.0,15362.0,7954.0,5610800.0
10,559360,210166,241317,137685,119252,-888888888,462538,583080,245769,245769,35603.0,35603.0,210166,210166.0,210166.0,67755,15364,55741,121572,43099,7620,1422673,27139.0,40509.0,96041.0,124828.0,76016.0,50205.0,24597375.0
11,123838,50548,48641,29085,31958,-888888888,103648,129209,56960,56960,6412.0,6412.0,50548,50548.0,50548.0,18858,4011,14372,26774,9718,1714,343251,26883.0,10678.0,29406.0,26940.0,12672.0,7150.0,7710601.0
12,1505541,575423,598424,343953,336973,-888888888,1229647,1534701,655462,655462,80039.0,80039.0,575423,575423.0,575423.0,210111,57695,142706,295010,126545,25706,3846163,30777.0,98837.0,295990.0,330635.0,214643.0,121299.0,73616490.0
13,177272,66834,103860,48419,24911,-888888888,152605,197683,80259,80259,13425.0,13425.0,66834,66834.0,66834.0,31017,4635,18962,40803,13740,1851,459429,24729.0,10227.0,31625.0,39354.0,17464.0,7900.0,8073168.0
14,158918,64632,60859,37426,37580,-888888888,130594,163129,69235,69235,35586.901162790695,4603.0,64632,64632.0,64632.0,22124,6335,18914,31422,8680,2875,411672,30003.0,9694.0,41231.0,35529.0,15972.0,8523.0,6684674.0
15,139679,57053,59112,32597,34816,-888888888,121777,150243,65775,65775,8722.0,8722.0,57053,57053.0,292610.1221590909,16491,4792,15105,30894,10402,3988,424786,31217.0,9915.0,35200.0,28653.0,19709.0,10106.0,7021036.0
16,196885,85430,75262,38390,54191,-888888888,169914,203921,98498,98498,13068.0,13068.0,85430,85430.0,85430.0,30053,8946,28220,43570,12831,3067,562634,24528.0,18278.0,45089.0,41684.0,23179.0,16601.0,6788712.0
17,125244,56483,44156,25226,40498,-888888888,109575,131730,66035,66035,9552.0,9552.0,56483,56483.0,292610.1221590909,14562,3215,17045,33519,9094,2244,420029,24924.0,7425.0,42555.0,24408.0,13530.0,6679.0,4486016.0
18,160929,61527,74341,41347,36425,-888888888,136605,174006,72105,72105,10578.0,10578.0,61527,61527.0,61527.0,23049,6117,18946,36268,8600,1249,399234,26517.0,13839.0,33914.0,34148.0,18266.0,8609.0,6621461.0
19,290465,109531,110105,52266,82656,-888888888,249121,292919,147422,147422,37891.0,37891.0,109531,109531.0,109531.0,40810,5815,33333,87895,16892,2093,720898,29135.57329842932,57111.227154046996,127065.88250652741,142409.48302872063,105728.45953002611,67472.06788511749,43366184.85564304
20,687406,287044,271000,142730,175573,-888888888,580989,704845,315526,315526,28482.0,28482.0,287044,287044.0,287044.0,92008,28709,77749,136407,58048,10759,1971623,30780.0,38144.0,144629.0,143573.0,99244.0,62921.0,32864318.0
21,145234,56348,61367,36012,32501,-888888888,118813,151158,66724,66724,10376.0,10376.0,56348,56348.0,56348.0,26535,4210,16341,34809,9128,1153,379803,24305.0,16505.0,30894.0,30936.0,10012.0,7503.0,5461823.0
22,124602,48464,47779,27940,32079,-888888888,102520,127335,50891,50891,35586.901162790695,2427.0,48464,48464.0,48464.0,17603,4103,12207,24698,7393,977,290099,26684.0,10977.0,25054.0,33730.0,12876.0,6496.0,4548841.0
23,853077,353746,350342,172542,212581,-888888888,732924,883169,410484,410484,56738.0,56738.0,353746,353746.0,353746.0,129566,49583,108914,156686,72234,16055,2427527,35770.0,45629.0,156874.0,175362.0,122052.0,108281.0,55124291.0
24,903338,358493,363784,202410,212437,-888888888,739062,916791,391088,391088,32595.0,32595.0,358493,358493.0,358493.0,127338,35081,86900,183389,63577,9455,2230222,27080.0,73325.0,154685.0,197781.0,116135.0,91823.0,38477142.0
25,145834,55127,59643,36786,34255,-888888888,120480,153044,67823,67823,12696.0,12696.0,55127,55127.0,55127.0,20332,5413,14771,34759,10283,2071,383105,25375.0,13864.0,43060.0,27153.0,12636.0,6633.0,5534140.0
26,818723,320501,312076,177160,209058,-888888888,687174,842913,350538,350538,30037.0,30037.0,320501,320501.0,320501.0,98674,36126,73323,147755,71203,15582,2198088,31287.0,56919.0,204774.0,152773.0,107637.0,65521.0,40543564.0
27,119657,51096,42812,24260,33697,-888888888,101683,122492,56957,56957,5861.0,5861.0,51096,51096.0,292610.1221590909,14279,4543,15641,26325,8787,1143,350358,26648.0,6632.0,40316.0,23339.0,10764.0,7322.0,5489056.0
28,258000,98518,108660,68671,52360,-888888888,206657,268356,110049,110049,11531.0,11531.0,98518,98518.0,98518.0,35528,13250,25538,53649,14106,1932,609072,31215.0,22408.0,47345.0,57159.0,32368.0,12824.0,12631603.0
29,86645,37290,56138,16321,15440,-888888888,83876,98105,40766,40766,35586.901162790695,32621.49738219895,37290,37290.0,37290.0,16706,6671,11838,12258,7511,1126,229420,23292.0,1479.0,8240.0,15630.0,14856.0,11220.0,5837047.0
30,390775,137483,170909,100199,68730,-888888888,310040,399148,160219,160219,22736.0,22736.0,137483,137483.0,137483.0,44722,17801,44999,57127,28065,7299,868055,35373.0,15200.0,67510.0,90678.0,53762.0,34192.0,23080044.0
31,351671,143072,178004,68935,72194,-888888888,310952,370963,151576,151576,8504.0,8504.0,143072,143072.0,143072.0,55839,17602,39065,54617,29617,7542,914774,32605.0,10875.0,33556.0,56965.0,63216.0,68024.0,22224950.0
32,111061,44264,43718,24484,28370,-888888888,93284,114277,53888,53888,9624.0,9624.0,44264,44264.0,44264.0,13228,3060,13393,26182,7965,2353,327168,22154.0,12121.0,25761.0,27039.0,7914.0,6337.0,3955983.0
33,234180,94810,91522,55810,50341,-888888888,188041,237524,98531,98531,3721.0,3721.0,94810,94810.0,94810.0,24606,5657,24968,45467,17739,3462,608142,34507.0,10377.0,51326.0,51257.0,33719.0,15058.0,12891169.0
34,173417,64093,63823,32008,48775,-888888888,146410,174271,83983,83983,19890.0,19890.0,64093,64093.0,64093.0,19867,3384,20332,49405,8553,1559,410870,29135.57329842932,57111.227154046996,127065.88250652741,142409.48302872063,105728.45953002611,67472.06788511749,43366184.85564304
35,449334,191889,161389,84500,135404,-888888888,384753,459585,230920,230920,39031.0,39031.0,191889,191889.0,191889.0,60974,14001,71983,105274,26617,5215,1342925,28888.0,31722.0,82568.0,102658.0,75866.0,47029.0,18059998.0
36,199940,79945,103497,42800,38477,-888888888,174202,211802,85776,85776,5831.0,5831.0,79945,79945.0,79945.0,34836,8094,21347,34674,15755,4829,518625,23871.0,14670.0,30951.0,30373.0,26118.0,25399.0,9306104.0
37,5851050,2137280,2477918,1450740,1062865,-888888888,4676101,5950828,2331002,2331002,193722.0,193722.0,2137280,2137280.0,2137280.0,769417,207288,474357,852990,515384,246776,15155858,33728.0,389510.0,949194.0,1055008.0,967196.0,591317.0,366280393.0
38,259787,96981,95277,56422,65593,-888888888,216076,265429,128408,128408,31427.0,31427.0,96981,96981.0,96981.0,30122,14029,33003,46383,25826,6022,771679,29718.0,22231.0,55122.0,53070.0,33305.0,19226.0,12410061.0
39,157870,59336,76993,34795,29162,-888888888,132509,163941,70372,70372,11036.0,11036.0,59336,59336.0,59336.0,22838,3473,11124,31918,11800,2517,390216,25572.0,7846.0,22215.0,34105.0,19722.0,13765.0,5219694.0
40,589268,214107,241932,139778,135242,-888888888,482200,605903,259295,259295,45188.0,45188.0,214107,214107.0,214107.0,69757,13426,61280,124736,44457,12999,1587771,26143.0,49731.0,128167.0,121274.0,65354.0,40967.0,24839850.0
41,2126840,786341,1008138,498418,342680,-888888888,1725649,2168316,853697,853697,67356.0,67356.0,786341,786341.0,786341.0,329998,130765,182627,301966,181445,35391,4734524,38050.0,144547.0,273410.0,361553.0,432240.0,247055.0,138796267.0
42,866580,273167,386714,258952,143202,-888888888,664871,896764,300423,300423,27256.0,27256.0,273167,273167.0,273167.0,116315,21504,74119,133999,56109,6061,1566654,24850.0,143384.0,146820.0,168579.0,56830.0,31627.0,49292395.0
43,2736479,1054226,1108909,612036,621408,-888888888,2257415,2802789,1164143,1164143,109917.0,109917.0,1054226,1054226.0,1054226.0,350747,127405,253021,444464,245818,69735,7553607,39184.0,171641.0,480196.0,490593.0,440806.0,360595.0,185477090.0
44,144946,61765,58557,26744,39016,-888888888,127364,151096,76144,76144,14379.0,14379.0,61765,61765.0,292610.1221590909,21094,11916,20682,30563,7839,2237,410101,25052.0,8694.0,36743.0,32367.0,19373.0,10892.0,5890326.0
45,210328,86671,58834,32580,84127,-888888888,185817,213413,164329,164329,77658.0,77658.0,86671,86671.0,86671.0,15683,11533,45509,68482,28100,8032,957439,34566.0,9150.0,40015.0,47823.0,37697.0,31911.0,12591850.0
46,190981,79950,68750,39129,53680,-888888888,156933,191996,91040,91040,35586.901162790695,11090.0,79950,79950.0,292610.1221590909,27173,5389,22521,46117,13258,2025,501524,32308.0,10499.0,24479.0,55383.0,32147.0,18392.0,8482294.0
47,808386,301509,350135,194731,168807,-888888888,658414,831310,358048,358048,56539.0,56539.0,301509,301509.0,301509.0,94150,31310,74348,176645,61953,8428,2027933,30426.0,64616.0,173114.0,152831.0,101140.0,55090.0,53052638.0
48,130678,53914,48519,30702,33975,-888888888,106995,134487,60879,60879,6965.0,6965.0,53914,53914.0,53914.0,17093,6432,17499,25237,8510,2354,362625,26975.0,8149.0,32301.0,31592.0,13498.0,6690.0,5893153.0
49,221147,87080,95497,44119,54103,-888888888,186211,225685,97867,97867,10787.0,10787.0,87080,87080.0,87080.0,33650,9213,28734,39545,13731,2565,539564,30513.0,11340.0,35292.0,52102.0,31493.0,19061.0,13190934.0
50,168647,71787,63843,40207,41996,-888888888,136268,171894,79628,79628,7841.0,7841.0,71787,71787.0,71787.0,23172,6691,21441,26936,15704,7573,502975,31255.0,4872.0,34429.0,39727.0,27603.0,11233.0,9812265.0
51,230642,95740,91159,46767,64201,-888888888,199092,240219,113860,113860,18120.0,18120.0,95740,95740.0,95740.0,32229,11220,30096,44634,20288,4470,693661,26512.0,15658.0,55347.0,47039.0,25854.0,20369.0,10249212.0
52,1124693,435832,449541,260528,262964,-888888888,922349,1151801,520740,520740,84908.0,84908.0,435832,435832.0,435832.0,133862,34647,126588,242722,86938,22433,3201698,29925.0,87322.0,222394.0,243869.0,153043.0,86961.0,54961671.0
53,128728,56382,52640,29957,27775,-888888888,105333,132317,60824,60824,4442.0,4442.0,56382,56382.0,56382.0,17440,5778,13444,19651,14616,6425,400655,40771.0,5082.0,21889.0,34652.0,21693.0,7052.0,6793978.0
54,167809,68412,85822,29214,38993,-888888888,157195,181926,81873,81873,13461.0,13461.0,68412,68412.0,68412.0,24156,6131,20702,35457,15450,2843,480806,25003.0,11475.0,29054.0,34440.0,18145.0,19335.0,6747291.0
55,102858,44469,36588,21083,29916,-888888888,86290,103923,48345,48345,3876.0,3876.0,44469,44469.0,292610.1221590909,11046,4941,10295,22225,8094,2424,301967,26360.0,8088.0,26396.0,25618.0,9179.0,5294.0,3319686.0
56,392005,145130,161324,99827,88300,-888888888,321236,410233,178050,178050,32920.0,32920.0,145130,145130.0,145130.0,49611,18409,42485,87242,24117,2677,991396,26481.0,41147.0,94043.0,87710.0,36070.0,13584.0,27094016.0
57,112818,48632,41801,23801,33317,-888888888,96654,117272,57683,57683,9051.0,9051.0,48632,48632.0,292610.1221590909,12319,4043,18277,25164,8154,893,333503,29135.57329842932,13346.0,33572.0,23128.0,8306.0,6070.0,3768527.0
58,182122,73580,87192,41346,37075,-888888888,154782,190884,80721,80721,7141.0,7141.0,73580,73580.0,73580.0,24916,8089,21218,27233,18677,4300,499556,32436.0,4913.0,29744.0,32364.0,31565.0,19089.0,13809567.0
59,151388,65571,87609,27767,32635,-888888888,143094,167762,72324,72324,6753.0,6753.0,65571,65571.0,65571.0,27930,9615,20345,27826,10451,1951,399479,23866.0,6975.0,23361.0,26438.0,21648.0,20535.0,6618976.0
60,78724,34470,32186,15105,22937,-888888888,70313,83696,38559,38559,4089.0,4089.0,34470,34470.0,292610.1221590909,10160,3238,10214,16426,6210,1306,233235,29402.0,4625.0,24097.0,11451.0,9845.0,7166.0,4079567.0
61,718621,268289,298129,182026,149298,-888888888,570659,732257,283285,283285,14996.0,14996.0,268289,268289.0,268289.0,77507,17745,56396,127748,57478,18698,1739195,29928.0,37591.0,126113.0,165582.0,105602.0,50336.0,32266330.0
62,4715638,1847798,2017183,962856,1071976,-888888888,4029372,4875390,1973416,1973416,125618.0,125618.0,1847798,1847798.0,1847798.0,722050,290751,567486,623812,332314,91495,11300649,40417.0,284329.0,721516.0,732469.0,903207.0,776451.0,414346347.0
63,313578,128295,145921,62140,67916,-888888888,271260,326078,137465,137465,9170.0,9170.0,128295,128295.0,128295.0,47943,17065,34843,40522,29746,10661,836001,37172.0,9134.0,23587.0,48310.0,74946.0,60186.0,25928673.0
64,168154,67424,75109,40603,35193,-888888888,141445,177183,77072,77072,9648.0,9648.0,67424,67424.0,67424.0,24664,4874,20280,38065,10341,2957,464535,24102.0,15780.0,35843.0,32141.0,16960.0,11471.0,6431811.0
65,261589,105411,105569,55256,66244,-888888888,220424,269805,113732,113732,8321.0,8321.0,105411,105411.0,105411.0,31694,10620,28389,52111,16582,4296,693302,36363.0,8707.0,40110.0,76143.0,41380.0,22120.0,11591481.0
66,926707,345634,350499,211990,213405,-888888888,758754,943823,374480,374480,28846.0,28846.0,345634,345634.0,345634.0,118537,48841,87944,119367,76427,31811,2328708,40247.0,64082.0,133036.0,136387.0,173054.0,139255.0,79284819.0
67,420857,124812,171460,128762,75340,-888888888,310656,423908,152374,152374,27562.0,27562.0,124812,124812.0,124812.0,41899,13895,39258,69686,21163,2991,758143,19260.0,76419.0,69237.0,62503.0,29493.0,13052.0,10091715.0
68,114382,47266,41241,25156,32483,-888888888,93988,116864,61215,61215,13949.0,13949.0,47266,47266.0,292610.1221590909,14931,3006,12281,30375,12646,1994,367415,26062.0,12970.0,25013.0,22869.0,12784.0,9251.0,4147572.0
69,90285,34368,36874,19788,21978,-888888888,75410,93647,43877,43877,9509.0,9509.0,34368,34368.0,34368.0,11688,3433,11781,19214,6662,1397,248513,24050.0,7259.0,21029.0,16190.0,10410.0,6305.0,4086120.0
70,118412,51205,51200,25366,30531,-888888888,102092,124475,60406,60406,9201.0,9201.0,51205,51205.0,51205.0,22200,5871,21031,22441,6977,1579,329462,22436.0,7051.0,23537.0,29150.0,11583.0,11630.0,5421936.0
71,52685,23099,19651,11316,14557,-888888888,45486,55414,24022,24022,35586.901162790695,32621.49738219895,23099,23099.0,23099.0,9744,2200,6566,10302,2861,829,128943,32964.0,4511.0,8575.0,17790.0,6416.0,2517.0,3232270.0
72,77033,32240,31597,18914,16960,-888888888,62587,79115,37181,37181,35586.901162790695,4941.0,32240,32240.0,292610.1221590909,9410,2186,9297,14063,7076,4351,233535,35061.0,3461.0,13498.0,23559.0,8577.0,4942.0,5626913.0
73,265600,109191,104656,63173,61614,-888888888,216129,272295,118216,118216,9025.0,9025.0,109191,109191.0,109191.0,26385,10093,31345,44912,22407,8019,746352,34307.0,11604.0,53238.0,62381.0,42013.0,16494.0,16963563.0
74,152630,59834,55427,34503,40372,-888888888,124906,154835,65799,65799,5965.0,5965.0,59834,59834.0,292610.1221590909,16832,2994,15219,31959,10982,3609,418098,30038.0,12470.0,46739.0,26935.0,13695.0,9067.0,5762282.0
75,257584,97387,117315,65784,55499,-888888888,212277,270566,110987,110987,13600.0,13600.0,97387,97387.0,97387.0,40753,10547,30528,49934,16242,2238,609719,24597.0,25068.0,45774.0,55837.0,25860.0,14118.0,11883657.0
76,60740,23893,26042,13695,17309,-888888888,53626,65611,27382,27382,35586.901162790695,3489.0,23893,23893.0,23893.0,9409,3108,6937,9817,4635,1773,160310,26447.0,5222.0,8475.0,17542.0,7361.0,4608.0,3425600.0
77,187988,71511,79056,47461,34828,-888888888,152032,193729,79525,79525,35586.901162790695,8014.0,71511,71511.0,292610.1221590909,26258,4578,18388,35682,15654,3520,472660,30641.0,15218.0,36143.0,41391.0,21497.0,14259.0,6959115.0
78,137237,54429,64931,33748,32296,-888888888,121435,151306,65446,65446,11017.0,11017.0,54429,54429.0,54429.0,19483,5287,17949,31536,8999,1209,369882,24786.0,11988.0,31058.0,32397.0,14003.0,8344.0,5954367.0
79,106012,44585,41715,23317,30539,-888888888,93463,113664,53530,53530,8945.0,8945.0,44585,44585.0,44585.0,13722,5057,11877,25205,7258,2547,326887,26815.0,7138.0,30323.0,22512.0,13710.0,6298.0,6355190.0
80,286488,120886,119344,55766,72166,-888888888,244872,294436,142860,142860,21974.0,21974.0,120886,120886.0,120886.0,47436,10139,35554,66543,23046,4786,810292,29421.0,15851.0,43703.0,66461.0,53011.0,24632.0,12828556.0
81,105475,44657,48852,26799,21841,-888888888,87104,111755,60041,60041,15384.0,15384.0,44657,44657.0,44657.0,20244,6173,17082,25142,7664,2692,352698,29567.0,5928.0,23750.0,25061.0,9580.0,6521.0,5851168.0
82,133011,56245,49122,30847,32791,-888888888,108677,135428,59706,59706,35586.901162790695,3461.0,56245,56245.0,56245.0,15745,3660,14064,27839,10436,2587,372020,32444.0,7262.0,30777.0,29629.0,17474.0,8460.0,9299963.0
83,116612,51680,39262,22615,36984,-888888888,99614,120228,58798,58798,7118.0,7118.0,51680,51680.0,51680.0,14531,3824,17860,29366,5663,1399,357355,24958.0,8262.0,39145.0,25568.0,8600.0,5995.0,6113014.0
84,118953,47855,44077,29116,29082,-888888888,93724,119943,55248,55248,7393.0,7393.0,47855,47855.0,47855.0,16817,4956,14882,23811,8217,2060,309845,30896.0,14208.0,22022.0,24827.0,13112.0,7977.0,6069900.0
85,133461,52435,48695,27014,41626,-888888888,116836,140045,68798,68798,16363.0,16363.0,52435,52435.0,292610.1221590909,13270,6157,19123,33745,7528,1052,413654,25786.0,7704.0,41491.0,29903.0,15457.0,7794.0,12218102.0
86,633278,248799,252574,163832,138221,-888888888,498466,645031,277530,277530,28731.0,28731.0,248799,248799.0,248799.0,83628,29944,65717,102960,46659,25051,1749632,29939.0,40683.0,110689.0,139233.0,82681.0,49035.0,33494536.0
87,138405,53715,53235,32338,34693,-888888888,114065,141848,61985,61985,8270.0,8270.0,53715,53715.0,53715.0,16538,4271,14720,28032,10625,2960,390172,33105.0,11962.0,31752.0,28314.0,14393.0,11290.0,6131093.0
88,657450,270772,245752,148319,165121,-888888888,541219,671456,301150,301150,30378.0,30378.0,270772,270772.0,270772.0,96578,24285,76840,152394,35123,9018,1737686,28013.0,64384.0,134871.0,145756.0,77774.0,42332.0,30228237.0
89,914968,353402,368016,197161,213603,-888888888,775749,947866,386302,386302,32900.0,32900.0,353402,353402.0,353402.0,119144,46324,105700,149504,64376,14144,2261415,34231.0,57107.0,184187.0,180154.0,143951.0,92504.0,44662471.0
90,247591,83320,99407,74450,47905,-888888888,184095,251446,89129,89129,5809.0,5809.0,83320,83320.0,83320.0,30382,7212,23487,37861,14144,2538,499086,25401.0,40511.0,42310.0,44188.0,15520.0,10130.0,10698626.0
91,439134,173958,163390,98940,110523,-888888888,361664,448273,184880,184880,10922.0,10922.0,173958,173958.0,173958.0,43236,14091,41123,81762,35331,9747,1192807,31971.0,31084.0,122067.0,78919.0,52368.0,27506.0,18912943.0
92,520732,227477,186630,108068,157471,-888888888,445710,538952,259297,259297,31820.0,31820.0,227477,227477.0,227477.0,68788,18743,68683,123922,35269,7756,1575638,26139.0,38264.0,155544.0,105312.0,54490.0,30702.0,19455070.0
93,171740,58180,70596,46244,36327,-888888888,133540,174848,63163,63163,4983.0,4983.0,58180,58180.0,58180.0,23342,4945,17450,27699,10407,2064,354017,26458.0,23576.0,24733.0,44572.0,13485.0,6939.0,6709322.0
94,205802,74532,83963,53632,51270,-888888888,164347,212128,93571,93571,19039.0,19039.0,74532,74532.0,74532.0,25582,16925,23061,37090,12027,864,448802,23737.0,33019.0,36638.0,42733.0,15554.0,7169.0,7565775.0
95,221375,96449,117807,44988,46174,-888888888,197363,237356,106732,106732,10283.0,10283.0,96449,96449.0,96449.0,41411,14130,26487,35717,20440,4095,597539,29729.0,8664.0,32378.0,40899.0,29303.0,29577.0,10744785.0
96,207251,90728,72711,42534,60845,-888888888,173394,211285,108280,108280,17552.0,17552.0,90728,90728.0,90728.0,27413,9677,35189,47030,13041,1912,640973,24373.0,18217.0,56642.0,42710.0,20359.0,15201.0,12326275.0
97,769638,294424,325759,171931,165138,-888888888,633420,787643,339519,339519,45095.0,45095.0,294424,294424.0,294424.0,96956,24003,75234,156408,62324,17543,2070663,31989.0,44499.0,139000.0,162691.0,129199.0,70215.0,38403896.0
98,2529486,960297,1043311,610760,489829,-888888888,2030682,2569213,1049329,1049329,89032.0,89032.0,960297,960297.0,960297.0,329130,76402,238854,460484,193384,65342,6435079,31521.0,184744.0,402812.0,522184.0,421008.0,207184.0,148297645.0
99,216082,88765,96745,42849,57127,-888888888,193139,231565,103303,103303,14538.0,14538.0,88765,88765.0,88765.0,33003,8901,24003,41358,19852,7237,660527,32778.0,16741.0,33724.0,32550.0,38028.0,38129.0,12197403.0
100,542377,221133,212987,115686,139341,-888888888,456484,558703,245558,245558,24425.0,24425.0,221133,221133.0,221133.0,70248,19615,64440,111010,38309,9412,1468007,27867.0,46183.0,111166.0,130726.0,66688.0,37582.0,26702673.0
101,96907,39678,37898,23122,23335,-888888888,78343,98976,43892,43892,4214.0,4214.0,39678,39678.0,39678.0,11186,3519,10791,15908,9532,2881,273835,32603.0,4031.0,19457.0,26516.0,12065.0,5948.0,5192640.0
102,9341637,3538101,3866031,2159045,1972550,-888888888,7589015,9497790,3858653,3858653,320552.0,320552.0,3538101,3538101.0,3538101.0,1246171,472108,1091243,1320223,665821,193515,22579297,35065.0,710098.0,1568191.0,1703780.0,1494347.0,1002628.0,615470781.0
103,1099473,480106,426523,228155,288753,-888888888,931734,1130152,530321,530321,50215.0,50215.0,480106,480106.0,480106.0,166746,48484,140286,226787,87546,17486,3185224,31624.0,68595.0,222263.0,239929.0,150474.0,118864.0,61089398.0
104,161866,64700,64108,36955,38922,-888888888,133308,166436,71655,71655,6955.0,6955.0,64700,64700.0,64700.0,21578,5871,21248,35439,7630,1129,401013,28639.0,13312.0,31861.0,37636.0,20870.0,7709.0,5477539.0
105,210601,87329,93763,41102,51260,-888888888,184706,220612,98586,98586,11257.0,11257.0,87329,87329.0,87329.0,29246,10192,31110,36535,14598,3070,565779,32931.0,9172.0,34221.0,37629.0,42726.0,25488.0,12560096.0
106,109795,41239,45071,27201,21778,-888888888,88694,112664,45998,45998,4759.0,4759.0,41239,41239.0,41239.0,11935,1472,8409,19595,12644,3600,309232,40903.0,6815.0,24037.0,17012.0,15078.0,10306.0,6584760.0
107,388674,163626,141060,85377,104930,-888888888,322748,398655,180625,180625,16999.0,16999.0,163626,163626.0,163626.0,51879,13811,49882,82204,27856,4907,1122689,26939.0,22535.0,108134.0,89317.0,38847.0,20547.0,18545429.0
108,745525,281222,235114,132674,268785,-888888888,637646,754610,399741,399741,118519.0,118519.0,281222,281222.0,281222.0,76370,25648,147123,177486,37775,6176,2113503,27889.0,59223.0,176117.0,167453.0,104532.0,62227.0,27417640.0
109,226193,88636,95977,46212,58620,-888888888,190638,231256,100038,100038,11402.0,11402.0,88636,88636.0,88636.0,36695,11750,32573,42154,11426,1287,522349,24872.0,13849.0,34495.0,64555.0,26382.0,13631.0,9366983.0
110,2136790,862535,857693,510494,469319,-888888888,1736448,2189442,938179,938179,75644.0,75644.0,862535,862535.0,862535.0,298002,109813,232470,351845,194021,34585,5830188,32364.0,127453.0,435876.0,410286.0,306971.0,194611.0,129838822.0
111,278293,104502,134728,76735,44526,-888888888,221020,290745,120476,120476,15974.0,15974.0,104502,104502.0,104502.0,44635,6091,29370,58316,21767,4086,716721,30223.0,12881.0,50542.0,64944.0,32863.0,16325.0,11139831.0
112,120644,46778,48049,26013,28871,-888888888,101680,124748,53586,53586,6808.0,6808.0,46778,46778.0,46778.0,15235,2960,16173,25359,6445,2182,307983,24447.0,13443.0,28636.0,27437.0,9578.0,6615.0,4326754.0
113,2015563,866039,756909,433874,529983,-888888888,1675861,2057009,963538,963538,97499.0,97499.0,866039,866039.0,866039.0,308240,100777,242955,377580,184470,40746,5987447,31226.0,131446.0,406997.0,436409.0,288170.0,185318.0,116646873.0
114,159779,64955,58980,36630,40751,-888888888,128401,161505,72500,72500,7545.0,7545.0,64955,64955.0,64955.0,18241,5421,18707,29481,13464,4543,444847,28344.0,8837.0,32721.0,42017.0,18844.0,10173.0,5674115.0
115,248252,94615,141315,57124,37517,-888888888,214535,265024,110533,110533,15918.0,15918.0,94615,94615.0,94615.0,47545,14482,26910,41247,20622,3988,580342,24026.0,18683.0,31763.0,36237.0,31885.0,27433.0,13857364.0
116,719787,271694,318068,176140,140029,-888888888,581664,738939,288688,288688,16994.0,16994.0,271694,271694.0,271694.0,91756,23404,64885,90633,70592,33994,1846581,32137.0,32119.0,95173.0,169453.0,111270.0,75311.0,33113428.0
117,170672,72217,90098,36539,32208,-888888888,147029,180005,78945,78945,35586.901162790695,6728.0,72217,72217.0,72217.0,33107,5131,21211,31369,14937,4682,462677,28415.0,5154.0,20358.0,29905.0,27958.0,24033.0,8970153.0
118,799498,315092,348701,182635,174760,-888888888,671888,833165,359090,359090,43998.0,43998.0,315092,315092.0,315092.0,103613,22227,75825,167203,64421,17369,2162829,28330.0,50825.0,153844.0,176459.0,104708.0,66891.0,37990145.0
119,295552,114607,128063,74619,63098,-888888888,240490,307149,135253,135253,20646.0,20646.0,114607,114607.0,114607.0,50782,10608,30777,61917,25929,4101,800558,25421.0,25204.0,57420.0,71935.0,26193.0,20376.0,13458004.0
120,81615,31891,32180,19690,18148,-888888888,65756,82753,34532,34532,2641.0,32621.49738219895,31891,31891.0,31891.0,9277,3328,7135,16737,5570,1370,211884,31481.0,4730.0,17467.0,15786.0,11337.0,7608.0,6078107.0
121,2051647,801805,889437,494992,403397,-888888888,1666326,2106541,869414,869414,67609.0,67609.0,801805,801805.0,801805.0,305707,85332,247451,327710,169900,27855,5238130,32470.0,112159.0,388102.0,383251.0,336606.0,197029.0,116225180.0
122,443803,161693,184010,110793,96470,-888888888,354356,452927,193862,193862,32169.0,32169.0,161693,161693.0,161693.0,61902,23312,54618,82062,25865,3728,997198,27370.0,52041.0,86878.0,96656.0,40928.0,21897.0,21545067.0
123,86020,35520,46215,14770,19806,-888888888,79378,92101,38442,38442,35586.901162790695,2922.0,35520,35520.0,35520.0,14620,4636,8954,15819,5868,2130,221832,25671.0,2192.0,8297.0,15479.0,15704.0,14064.0,4390818.0
124,270805,108340,106281,60774,66217,-888888888,224551,278644,151347,151347,43007.0,43007.0,108340,108340.0,108340.0,34862,12262,36964,68981,24474,5157,816690,30154.0,16784.0,51942.0,65610.0,36557.0,22860.0,13234960.0
125,88275,37893,36697,17226,26500,-888888888,82599,97915,45984,45984,8091.0,8091.0,37893,37893.0,292610.1221590909,10560,3702,11974,22871,5635,1293,279351,22360.0,5823.0,29708.0,20142.0,8224.0,5196.0,3576443.0
126,7451118,2623878,3208433,1954835,1251632,-888888888,5808669,7540371,2853246,2853246,229368.0,229368.0,2623878,2623878.0,2623878.0,1071873,421207,574635,1073074,585943,138349,16492169,34526.0,681005.0,1114254.0,1360939.0,1129425.0,609292.0,464389967.0
127,142084,51023,57921,37278,27439,-888888888,111877,143983,56306,56306,35586.901162790695,5283.0,51023,51023.0,292610.1221590909,17348,2457,15570,26396,8925,1156,311811,25805.0,26309.0,30028.0,23001.0,9716.0,4460.0,6393991.0
128,73670,30166,26732,18046,19695,-888888888,60826,76806,36125,36125,5959.0,5959.0,30166,30166.0,30166.0,9518,3458,12159,14561,4253,1397,210055,25321.0,4956.0,22892.0,16059.0,5271.0,3165.0,3147084.0
129,214740,83501,73403,47156,59517,-888888888,176222,218022,116632,116632,33131.0,33131.0,83501,83501.0,83501.0,20491,6051,24387,58660,22296,3907,710073,27772.0,15282.0,44013.0,47573.0,32210.0,16613.0,6006401.0
130,370624,153865,139567,87423,93377,-888888888,302639,380106,170244,170244,16379.0,16379.0,153865,153865.0,153865.0,45674,15876,49386,67201,29032,5571,1035643,31069.0,23523.0,78778.0,85919.0,48381.0,23665.0,19653928.0
131,775270,331426,307557,177221,198608,-888888888,650644,806548,370029,370029,38603.0,38603.0,331426,331426.0,331426.0,126278,33821,95707,159979,62147,12313,2239610,30232.0,48191.0,155902.0,179891.0,96266.0,72660.0,43366184.85564304
132,150205,57863,54762,34213,37718,-888888888,121962,152046,67766,67766,9903.0,9903.0,57863,57863.0,57863.0,16484,3757,15255,36030,9545,2138,417455,26886.0,16985.0,32749.0,30674.0,16470.0,7869.0,5656086.0
133,101448,44562,37904,23097,29854,-888888888,84164,104712,50405,50405,5843.0,5843.0,44562,44562.0,44562.0,14604,5379,14635,20825,7212,1587,292583,27728.0,7545.0,25345.0,24466.0,10218.0,5309.0,6485632.0
134,648737,259697,214611,115521,218033,-888888888,559164,659605,314641,314641,54944.0,54944.0,259697,259697.0,259697.0,71985,22976,94396,149265,37886,5816,1739038,27642.0,43318.0,154447.0,173295.0,80477.0,41272.0,18829924.0
135,2898233,1131410,1272215,659089,546769,-888888888,2349994,2932415,1195543,1195543,64133.0,64133.0,1131410,1131410.0,1131410.0,417459,171849,301336,345941,240542,103286,7268532,40206.0,175636.0,398790.0,551751.0,576602.0,336630.0,194854387.0
136,172411,67841,68812,40645,40615,-888888888,141800,178550,73086,73086,5245.0,5245.0,67841,67841.0,67841.0,21718,3910,15999,37343,12934,2398,462886,27657.0,19350.0,39124.0,33717.0,16233.0,11732.0,7018157.0
137,643510,255055,270001,165975,119713,-888888888,508393,655409,276147,276147,21092.0,21092.0,255055,255055.0,255055.0,77495,24795,78238,96469,56612,13160,1669449,37523.0,29165.0,106623.0,129439.0,117216.0,51599.0,45302947.0
138,4280784,1710686,1632807,954451,1012532,-888888888,3486955,4326442,1912856,1912856,202170.0,202170.0,1710686,1710686.0,1710686.0,528058,176292,452639,861435,329853,61944,11665282,31207.0,295939.0,794421.0,965497.0,573602.0,382972.0,235105362.0
139,145901,55431,54055,33434,37631,-888888888,118751,148245,69836,69836,14405.0,14405.0,55431,55431.0,55431.0,16923,3700,16018,39131,9000,1465,405271,23586.0,15652.0,33711.0,33239.0,13108.0,7189.0,5800247.0
140,93086,38501,36638,21527,23860,-888888888,77985,96854,41514,41514,35586.901162790695,3013.0,38501,38501.0,292610.1221590909,10620,4553,9187,16294,8730,1506,256883,30181.0,5130.0,22731.0,17363.0,12760.0,7372.0,5700053.0
141,267971,117226,105697,54289,74093,-888888888,230568,278799,144323,144323,27097.0,27097.0,117226,117226.0,117226.0,34689,19152,46083,51671,17901,4340,800868,28245.0,11228.0,53018.0,74254.0,35449.0,18702.0,14299750.0
142,548549,225699,244539,117016,123065,-888888888,471051,575412,249694,249694,23995.0,23995.0,225699,225699.0,225699.0,85856,28270,61793,105198,38898,10698,1466531,31777.0,36820.0,75270.0,91170.0,95630.0,92912.0,45099151.0
143,167049,55109,63457,33486,43294,-888888888,140323,169507,81664,81664,26555.0,26555.0,55109,55109.0,55109.0,12394,4478,13845,40737,16817,4480,505046,27440.0,11885.0,42638.0,37871.0,15381.0,10717.0,6144704.0
144,162197,66796,69709,35033,38956,-888888888,137803,168669,73016,73016,6220.0,6220.0,66796,66796.0,292610.1221590909,21539,6819,20166,27114,14927,3165,444785,29411.0,7003.0,33399.0,40100.0,20400.0,9805.0,8502893.0
145,171991,41764,75672,50831,31908,-888888888,136416,181827,57893,57893,35586.901162790695,16129.0,41764,41764.0,41764.0,14294,5291,13108,22612,13639,1530,300467,18731.0,33629.0,28537.0,33897.0,10661.0,5101.0,8493669.0
146,79831,34325,29101,17598,22180,-888888888,68809,84254,38924,38924,35586.901162790695,4599.0,34325,34325.0,34325.0,11498,4747,10784,15265,6422,1339,230750,27398.0,7304.0,22183.0,17906.0,6985.0,5250.0,3549347.0
147,826273,271122,366561,228769,146685,-888888888,642514,844723,300964,300964,29842.0,29842.0,271122,271122.0,271122.0,105469,25147,60378,136001,60793,7498,1632774,21608.0,115061.0,120158.0,163162.0,80489.0,41761.0,28874716.0
148,59103,22998,24677,15802,13245,-888888888,46697,60913,26802,26802,3804.0,3804.0,22998,22998.0,22998.0,8292,1250,7222,13701,3208,817,158764,26981.0,4255.0,14060.0,11986.0,6579.0,3084.0,3186594.0
149,258937,109797,103475,58107,67077,-888888888,221307,272061,121615,121615,11818.0,11818.0,109797,109797.0,109797.0,37828,11623,29722,51027,21161,5312,741636,24913.0,15129.0,71415.0,48645.0,31866.0,20295.0,10767875.0
150,372184,156072,155204,69901,100037,-888888888,317579,379611,163490,163490,7418.0,7418.0,156072,156072.0,156072.0,63589,16210,44397,73512,20229,4767,891312,26722.0,21146.0,59382.0,102675.0,48647.0,30250.0,15228030.0
151,305036,128680,118861,70090,75802,-888888888,253268,314672,143082,143082,14402.0,14402.0,128680,128680.0,128680.0,41340,16315,38759,61668,19920,3850,836204,29863.0,20057.0,72001.0,69292.0,37759.0,18654.0,16544397.0
152,94455,36378,47750,23858,15628,-888888888,77416,98971,44307,44307,7929.0,7929.0,36378,36378.0,36378.0,14768,6030,12417,15860,6448,1547,227508,35294.0,4093.0,15935.0,24795.0,10551.0,7749.0,5317630.0
153,147583,57098,60201,37251,32496,-888888888,119304,152459,65323,65323,8225.0,8225.0,57098,57098.0,57098.0,19371,2613,13857,35187,9542,2475,401813,28975.0,10659.0,33535.0,37832.0,10498.0,8927.0,5276790.0
154,201449,73660,78771,56622,41493,-888888888,155311,205560,79495,79495,5835.0,5835.0,73660,73660.0,73660.0,21444,5673,18467,34714,15177,4429,501716,29923.0,23940.0,45415.0,35073.0,17224.0,8939.0,14834828.0
155,237021,99306,115423,56452,43456,-888888888,193867,245471,110709,110709,11403.0,11403.0,99306,99306.0,99306.0,42098,14848,31681,31560,21429,7160,646716,35588.0,8905.0,31950.0,54574.0,43400.0,15786.0,13443394.0
156,122966,43707,49217,32938,26624,-888888888,96348,125043,51273,51273,7566.0,7566.0,43707,43707.0,43707.0,12405,2569,11146,25982,7619,1366,274050,24594.0,12033.0,22134.0,34241.0,7570.0,5671.0,5846232.0
157,369712,146760,177081,96771,64915,-888888888,300733,387094,168287,168287,21527.0,21527.0,146760,146760.0,146760.0,68578,9615,36030,90572,24985,4599,959658,26290.0,22780.0,62159.0,95010.0,40987.0,21687.0,19078206.0
158,540744,205278,241862,139733,100400,-888888888,429714,553795,221914,221914,16636.0,16636.0,205278,205278.0,205278.0,78973,14105,53509,103451,38758,6390,1279526,30664.0,46591.0,101894.0,92955.0,67370.0,44092.0,23727377.0
159,129038,47275,69046,29455,25698,-888888888,116671,142854,66838,66838,19563.0,19563.0,47275,47275.0,47275.0,17576,5507,16659,29619,9895,2041,351183,25442.0,8962.0,17666.0,27384.0,18005.0,12366.0,7007523.0
160,402235,169469,148312,91553,100363,-888888888,325944,406892,192614,192614,23145.0,23145.0,169469,169469.0,169469.0,54063,15577,54927,89600,26578,4832,1154423,27008.0,25454.0,89613.0,103196.0,39717.0,22521.0,14834898.0
161,199966,75826,76491,47621,50525,-888888888,163126,204961,91984,91984,16158.0,16158.0,75826,75826.0,75826.0,25128,3606,18853,49123,13970,3140,537972,24042.0,21720.0,48940.0,37032.0,18241.0,11837.0,9057097.0
162,144654,59932,54602,28394,39380,-888888888,121777,147149,72198,72198,12266.0,12266.0,59932,59932.0,59932.0,19347,3700,17297,36964,10772,2771,448042,26396.0,12601.0,41580.0,27099.0,13966.0,7983.0,4733145.0
163,99714,41009,36698,22030,26627,-888888888,83684,103066,45361,45361,4352.0,4352.0,41009,41009.0,292610.1221590909,12509,3720,12368,19630,7099,1387,272321,30211.0,5772.0,25528.0,25809.0,10990.0,4401.0,4772639.0
164,340970,139382,156559,68998,77279,-888888888,288748,350518,151840,151840,12458.0,12458.0,139382,139382.0,139382.0,51584,12197,39105,51713,32802,13363,934858,34592.0,11365.0,38385.0,72118.0,65806.0,45002.0,17851909.0
165,277948,108790,106970,67423,63327,-888888888,222830,282318,125732,125732,16942.0,16942.0,108790,108790.0,108790.0,36172,9245,29322,67128,15218,2626,705595,23363.0,31767.0,64503.0,57623.0,23818.0,12533.0,8577661.0
166,975927,309519,422138,281820,169961,-888888888,741706,994400,333809,333809,24290.0,24290.0,309519,309519.0,309519.0,151080,25554,79501,143243,54925,11171,1758005,25211.0,143433.0,138951.0,198581.0,88479.0,45443.0,44264307.0
167,100867,38625,37123,22032,27509,-888888888,82575,102501,47847,47847,35586.901162790695,9222.0,38625,38625.0,38625.0,11242,1790,13456,25614,6299,614,291623,25055.0,8461.0,23717.0,25002.0,8676.0,5513.0,2911022.0
168,274565,105161,143473,52275,57166,-888888888,242070,288711,126992,126992,21831.0,21831.0,105161,105161.0,105161.0,40416,11603,36535,51197,22001,2157,693505,25638.0,14249.0,38788.0,52765.0,41951.0,33384.0,13839886.0
169,200254,64990,78970,51279,41323,-888888888,157289,202148,74431,74431,9441.0,9441.0,64990,64990.0,64990.0,19498,3584,16439,33098,15435,5256,469868,28870.0,28208.0,37306.0,34893.0,20532.0,11526.0,9365514.0
170,98508,39570,34828,21167,28105,-888888888,83856,102811,42572,42572,35586.901162790695,3002.0,39570,39570.0,39570.0,9913,3435,8175,20971,7464,1691,266600,31362.0,7702.0,28054.0,19640.0,9519.0,7484.0,3507548.0
171,429730,172311,171800,111368,91447,-888888888,339499,437631,186072,186072,13761.0,13761.0,172311,172311.0,172311.0,48183,17622,38826,85257,35371,7040,1176159,30141.0,31078.0,84180.0,93471.0,51996.0,27834.0,21026580.0
172,121073,51996,42957,22780,36785,-888888888,105188,125462,69804,69804,17808.0,17808.0,51996,51996.0,292610.1221590909,16164,7096,20628,26213,10006,4506,418876,30130.0,10720.0,30544.0,26613.0,13743.0,11719.0,5554461.0
173,119577,49019,46999,29155,30493,-888888888,96403,123248,54467,54467,35586.901162790695,5448.0,49019,49019.0,49019.0,18840,1256,13499,30931,6696,933,312724,24741.0,12929.0,24424.0,31256.0,9965.0,4039.0,4517297.0
174,97067,43081,45291,22592,20910,-888888888,82308,102299,48421,48421,35586.901162790695,5340.0,43081,43081.0,43081.0,19254,8231,13408,14836,7750,3037,273685,30600.0,3713.0,16822.0,24922.0,12416.0,5346.0,5035525.0
175,83465,32687,30626,22350,19444,-888888888,65055,85104,36167,36167,3480.0,3480.0,32687,32687.0,32687.0,10867,2587,9759,14530,5861,2649,233742,30674.0,6517.0,16080.0,19922.0,9538.0,3481.0,3860003.0
176,150185,61848,57611,33709,38857,-888888888,123093,153207,67215,67215,35586.901162790695,5367.0,61848,61848.0,61848.0,19471,4101,16338,33049,10390,2504,381464,29752.0,9925.0,28088.0,35302.0,20202.0,11155.0,6058926.0
177,1045599,397199,438278,254922,220479,-888888888,842061,1069405,424695,424695,27496.0,27496.0,397199,397199.0,397199.0,103088,35581,106971,165119,83391,26947,2706150,30717.0,53660.0,192612.0,220278.0,157353.0,79271.0,54900621.0
178,86480,37059,27043,16840,29992,-888888888,72746,87393,39354,39354,35586.901162790695,32621.49738219895,37059,37059.0,292610.1221590909,10729,4273,10604,18103,4056,1535,214562,23520.0,4853.0,20065.0,30020.0,6951.0,3772.0,2601815.0
179,79634,35558,31327,17900,21369,-888888888,65079,81643,39037,39037,3479.0,3479.0,35558,35558.0,35558.0,14375,5273,9573,12842,7019,3003,230872,30216.0,4422.0,17762.0,20709.0,8854.0,4891.0,3586088.0
180,306619,107929,132284,82497,57811,-888888888,240422,314305,112472,112472,4543.0,4543.0,107929,107929.0,107929.0,28301,5472,23042,42554,26718,12540,727354,32827.0,22313.0,57088.0,67769.0,38448.0,16999.0,21311885.0
181,312965,129113,120681,74876,72090,-888888888,255642,321591,144173,144173,15060.0,15060.0,129113,129113.0,129113.0,39069,11929,41541,61940,22357,4899,850875,31906.0,16344.0,71297.0,71599.0,41588.0,17225.0,18946740.0
182,172388,69288,85051,38427,34346,-888888888,145695,179914,80244,80244,10956.0,10956.0,69288,69288.0,69288.0,32296,11338,18102,36759,10202,2213,426505,22330.0,13836.0,26425.0,35426.0,23555.0,11929.0,8476606.0
183,744783,302101,299814,169555,174473,-888888888,617751,767711,337386,337386,35285.0,35285.0,302101,302101.0,302101.0,114513,22937,95704,152550,46123,11420,1932900,27672.0,67094.0,135152.0,163735.0,103214.0,53262.0,37885426.0
184,883043,344664,354486,201658,206705,-888888888,729689,906626,389673,389673,45009.0,45009.0,344664,344664.0,344664.0,107824,24199,95936,178601,64489,18155,2346689,27212.0,83572.0,165059.0,175567.0,118295.0,70684.0,41391650.0
185,390331,155026,154391,92712,87017,-888888888,314697,397261,182544,182544,27518.0,27518.0,155026,155026.0,155026.0,59375,13887,44351,91991,25360,4721,1045315,25425.0,26814.0,76848.0,102440.0,39427.0,23593.0,16926113.0
186,258198,102106,102063,60201,62758,-888888888,216115,268049,111046,111046,8940.0,8940.0,102106,102106.0,102106.0,32332,8881,24092,53217,18961,4862,698527,31267.0,22085.0,67840.0,56735.0,26634.0,13347.0,10280020.0
187,130144,47401,53754,32871,26868,-888888888,104241,133777,56367,56367,8966.0,8966.0,47401,47401.0,292610.1221590909,13168,4191,14343,28642,7968,918,317592,22735.0,11406.0,33373.0,25306.0,11603.0,4982.0,3692765.0
188,137060,43727,69473,40773,20951,-888888888,114798,151366,46649,46649,35586.901162790695,2922.0,43727,43727.0,43727.0,20170,2205,10237,24243,8869,654,254452,27069.0,24438.0,23578.0,32400.0,9483.0,4404.0,6250134.0
189,555045,233591,214758,123036,141095,-888888888,465912,574659,252622,252622,19031.0,19031.0,233591,233591.0,233591.0,79048,23828,57143,110596,44973,12015,1597127,33570.0,36052.0,136351.0,96927.0,82641.0,48118.0,35398421.0
190,126251,47987,60702,27914,28066,-888888888,110758,135277,54152,54152,6165.0,6165.0,47987,47987.0,47987.0,17830,4090,14427,23189,9191,2671,325384,24886.0,11327.0,27332.0,17957.0,14067.0,10632.0,7215973.0
191,1166720,470651,466908,242284,292405,-888888888,996372,1206300,517029,517029,46378.0,46378.0,470651,470651.0,470651.0,154372,64248,137915,202457,84359,17314,3005952,38024.0,71333.0,219913.0,213356.0,186187.0,151800.0,92930643.0
192,144761,54084,64892,36225,29114,-888888888,117995,149119,64042,64042,35586.901162790695,9958.0,54084,54084.0,292610.1221590909,20388,4685,14849,29515,11998,2066,378353,22026.0,13064.0,22001.0,28397.0,18967.0,11138.0,5645971.0
193,360049,145158,129466,76892,96467,-888888888,300723,368416,165129,165129,19971.0,19971.0,145158,145158.0,145158.0,39904,7148,49156,82749,20153,4767,934108,25821.0,42916.0,85989.0,83342.0,36490.0,15424.0,13884041.0
194,211803,84041,76234,41515,70798,-888888888,180891,217686,112376,112376,28335.0,28335.0,84041,84041.0,84041.0,22113,5429,29683,52160,20048,4206,676226,29144.0,12562.0,38631.0,41206.0,35847.0,25592.0,7599138.0
195,77385,31296,38290,22585,10780,-888888888,60090,80008,36355,36355,5059.0,5059.0,31296,31296.0,31296.0,15881,1704,8013,18152,6896,574,206065,27784.0,4767.0,16701.0,18122.0,4859.0,3058.0,3333487.0
196,67923,25441,26630,13687,18817,-888888888,-999999999,70764,34073,34073,35586.901162790695,8632.0,25441,25441.0,292610.1221590909,7461,1514,5408,22543,4265,272,163436,29135.57329842932,57111.227154046996,127065.88250652741,142409.48302872063,105728.45953002611,67472.06788511749,43366184.85564304
197,165686,69686,86117,35838,31413,-888888888,141324,173401,74788,74788,5102.0,5102.0,69686,69686.0,69686.0,27834,7248,22477,24824,12983,5488,449824,30899.0,4876.0,17473.0,30192.0,25074.0,26004.0,9440753.0
198,145414,62293,35536,21949,68279,-888888888,128567,147929,79988,79988,17695.0,17695.0,62293,62293.0,292610.1221590909,10665,3870,28888,40088,6635,229,455896,23476.0,12068.0,45123.0,39286.0,14180.0,7442.0,3456006.0
199,97515,40407,33630,19787,31751,-888888888,81395,99154,51025,51025,10618.0,10618.0,40407,40407.0,292610.1221590909,13592,4194,16042,21512,6645,1508,288626,24804.0,6720.0,24538.0,24550.0,10106.0,5578.0,2992759.0
200,205778,73749,80220,51275,45933,-888888888,163170,209136,87332,87332,13583.0,13583.0,73749,73749.0,73749.0,18511,7782,21663,43557,12065,1212,486706,25959.0,29683.0,55173.0,31696.0,14831.0,8396.0,8964394.0
201,217151,89787,77014,44571,65130,-888888888,180233,219564,96251,96251,6464.0,6464.0,89787,89787.0,89787.0,30479,10446,24634,45734,11977,1586,513535,28315.0,16410.0,37796.0,59406.0,27581.0,16736.0,8381034.0
202,1323445,504141,540754,334204,279822,-888888888,1056054,1350064,574982,574982,70841.0,70841.0,504141,504141.0,504141.0,199296,48069,136904,253657,96788,29471,3425693,27969.0,107485.0,265167.0,265316.0,159064.0,94711.0,68306485.0
203,268968,79487,118046,80340,43607,-888888888,203248,274765,85766,85766,6279.0,6279.0,79487,79487.0,79487.0,37311,4486,18415,41108,17914,2139,473008,25596.0,49198.0,44402.0,45534.0,15119.0,8761.0,9918371.0
204,86728,37540,33704,15034,28221,-888888888,75056,87598,47688,47688,10148.0,10148.0,37540,37540.0,37540.0,15246,4635,13043,21899,5867,832,223432,29135.57329842932,57111.227154046996,127065.88250652741,142409.48302872063,105728.45953002611,67472.06788511749,43366184.85564304
205,855885,237323,368464,281292,130718,-888888888,614895,865939,281655,281655,44332.0,44332.0,237323,237323.0,237323.0,74502,27666,79198,122866,38519,7991,1385331,19173.0,164831.0,117396.0,115768.0,64552.0,26841.0,19421294.0
206,6124734,2143067,2358469,1254388,1509489,-888888888,5089225,6198782,2548910,2548910,405843.0,405843.0,2143067,2143067.0,2143067.0,859668,365214,933199,784885,300980,84143,12641403,27216.0,618590.0,1171667.0,1184810.0,912432.0,557250.0,321547437.0
207,102117,43122,40965,23422,26760,-888888888,89123,110007,49209,49209,6087.0,6087.0,43122,43122.0,43122.0,11691,3361,12426,24457,6640,1946,291183,26513.0,9159.0,32274.0,21351.0,10074.0,4958.0,3864949.0
208,81952,34091,29662,18229,21712,-888888888,67552,83209,37115,37115,35586.901162790695,3024.0,34091,34091.0,292610.1221590909,9071,3675,9041,14933,7484,1692,232939,29167.0,3600.0,17351.0,18718.0,10329.0,8371.0,4987281.0
209,175665,59179,77804,51154,28438,-888888888,130723,177218,63685,63685,35586.901162790695,4506.0,59179,59179.0,59179.0,20047,7008,12738,27854,12571,1646,361075,38199.0,18182.0,26405.0,36054.0,21751.0,8810.0,34028279.0
210,1546059,634398,620108,362846,356507,-888888888,1254071,1576113,681231,681231,46833.0,46833.0,634398,634398.0,634398.0,251335,79254,194397,258689,105834,23377,3937767,32803.0,90903.0,287017.0,309049.0,242429.0,144121.0,93081841.0
211,3569348,1386468,1469118,856977,722490,-888888888,2866310,3629190,1460569,1460569,74101.0,74101.0,1386468,1386468.0,1386468.0,415957,184812,360681,451423,318043,111481,9347120,39573.0,152495.0,516302.0,747126.0,685966.0,364587.0,240704552.0
212,115701,50401,54269,22121,25583,-888888888,98913,118791,54922,54922,35586.901162790695,4521.0,50401,50401.0,292610.1221590909,21532,7082,17191,15640,9553,3385,308560,26959.0,3495.0,16439.0,28967.0,19263.0,12930.0,5031347.0
213,406968,158627,161345,96777,92616,-888888888,328844,413757,184687,184687,26060.0,26060.0,158627,158627.0,158627.0,63441,17201,39907,92136,28342,4193,1071667,25256.0,39834.0,97080.0,80823.0,41139.0,21335.0,18970993.0
214,546057,175171,227170,148801,101077,-888888888,418513,549815,182305,182305,7134.0,7134.0,175171,175171.0,175171.0,71480,13767,44862,78714,33968,8056,1013165,27991.0,68958.0,107960.0,113904.0,39921.0,18053.0,22846927.0
215,168795,64791,70362,42882,40466,-888888888,138767,176805,82278,82278,17487.0,17487.0,64791,64791.0,64791.0,24781,6205,21004,41810,10976,1131,458528,26569.0,12073.0,42216.0,36535.0,17594.0,8161.0,7883740.0
216,149045,61586,53246,32182,37931,-888888888,122210,150439,64803,64803,35586.901162790695,3217.0,61586,61586.0,292610.1221590909,12169,3368,12092,34198,12643,2173,431183,31690.0,7481.0,35472.0,39380.0,15819.0,8210.0,5308843.0
217,360744,142728,148837,86822,80405,-888888888,298057,373401,168054,168054,25326.0,25326.0,142728,142728.0,142728.0,51071,9655,34001,81564,34927,5784,1011894,25930.0,34377.0,74686.0,72017.0,43045.0,30419.0,16031416.0
218,131565,53173,68210,24172,28219,-888888888,118793,140259,60241,60241,35586.901162790695,7068.0,53173,53173.0,53173.0,20021,5629,17531,25118,9433,1375,353422,25120.0,6418.0,30041.0,20054.0,17104.0,17634.0,6793100.0
219,115187,43772,41320,25814,31424,-888888888,95938,118581,51551,51551,7779.0,7779.0,43772,43772.0,43772.0,12530,2119,14060,25236,8455,1580,309349,23756.0,15066.0,32405.0,21474.0,9035.0,5140.0,4473722.0
220,126446,48474,46204,27977,35896,-888888888,103110,128206,54451,54451,5977.0,5977.0,48474,48474.0,48474.0,14986,5706,13923,24681,7152,1336,305264,34324.0,8421.0,24769.0,33850.0,16277.0,8277.0,7544214.0
221,107717,45311,50578,21430,26512,-888888888,95928,114772,52731,52731,7420.0,7420.0,45311,45311.0,45311.0,15923,4983,16553,22031,5946,1485,300927,22493.0,8146.0,22869.0,22038.0,9434.0,8274.0,3683385.0
222,165624,67196,65353,40064,41625,-888888888,138591,173588,74301,74301,7105.0,7105.0,67196,67196.0,67196.0,16712,5651,19646,35713,9878,2797,437929,26834.0,8002.0,40443.0,47738.0,15731.0,7814.0,5875921.0
223,473114,187932,152113,82502,169360,-888888888,408365,480891,302984,302984,115052.0,115052.0,187932,187932.0,187932.0,43783,17807,89429,145462,38098,6947,1558532,25723.0,33318.0,113417.0,120824.0,62986.0,32911.0,15326111.0
224,136739,47315,52025,28904,36088,-888888888,114103,139417,55465,55465,8150.0,8150.0,47315,47315.0,47315.0,17262,6361,16139,20758,8840,2121,302597,36289.0,13943.0,18497.0,31238.0,23099.0,10985.0,10053421.0
225,374902,144172,109126,64531,149247,-888888888,321278,378488,218279,218279,74107.0,74107.0,144172,144172.0,144172.0,37736,12257,85217,90580,21893,4771,1114779,31485.0,37372.0,67746.0,73130.0,65301.0,45151.0,15760820.0
226,1892057,730709,811226,446087,365861,-888888888,1534538,1932099,801341,801341,70632.0,70632.0,730709,730709.0,730709.0,251551,73373,186206,354366,136569,34372,4843591,32344.0,130691.0,349817.0,359913.0,303121.0,167291.0,118459765.0
227,117422,49527,44262,26284,34736,-888888888,100124,123433,60397,60397,10870.0,10870.0,49527,49527.0,49527.0,17794,2862,12581,34220,8869,1492,359367,26514.0,9373.0,24425.0,30691.0,13151.0,7601.0,4936064.0
228,829382,335539,332874,173312,209557,-888888888,705905,857620,367766,367766,32227.0,32227.0,335539,335539.0,335539.0,131069,52424,110377,131459,52354,11304,2033697,34382.0,57722.0,189357.0,141878.0,110431.0,99559.0,47660112.0
229,1244965,482442,497418,282831,287778,-888888888,1018658,1270399,559529,559529,77087.0,77087.0,482442,482442.0,482442.0,182013,66992,138484,224590,101557,16170,3175692,27123.0,109197.0,253068.0,252552.0,172473.0,98501.0,74913492.0
230,19629977,7282923,7997613,4289434,4389710,-888888888,16174055,19979477,8021225,8021225,738302.0,738302.0,7282923,7282923.0,7282923.0,3513413,1655319,2183289,2239361,1118163,389378,41885799,37033.0,1794881.0,3425323.0,3004384.0,3326132.0,2413339.0,1555852330.0
231,151150,64783,53809,33571,42824,-888888888,123766,154141,77645,77645,12862.0,12862.0,64783,64783.0,64783.0,17834,5363,20122,34046,12999,3460,476571,28319.0,11224.0,28417.0,36129.0,20502.0,11163.0,7140383.0
232,811461,334535,228778,133031,327067,-888888888,704555,821573,438587,438587,104052.0,104052.0,334535,334535.0,334535.0,85437,34007,187253,164778,39202,6394,2340514,30331.0,51867.0,187325.0,191515.0,120537.0,85628.0,30691679.0
233,255099,108098,99689,51733,68253,-888888888,221413,266784,123618,123618,15520.0,15520.0,108098,108098.0,108098.0,36595,13863,34809,50115,18868,4157,725866,34320.0,15988.0,58052.0,52766.0,36319.0,26385.0,17217959.0
234,2527106,876502,1086401,562065,533225,-888888888,2073840,2572962,1050682,1050682,174180.0,174180.0,876502,876502.0,876502.0,341468,103527,265695,403480,205958,49248,5912335,27386.0,185554.0,461686.0,534947.0,381057.0,204277.0,125336112.0
235,162762,71332,69136,34900,38325,-888888888,140227,171020,76015,76015,4683.0,4683.0,71332,71332.0,71332.0,23548,5620,21822,32349,11152,2170,441092,30714.0,9154.0,37774.0,39844.0,21212.0,7965.0,9484146.0
236,116919,46687,44213,29459,28764,-888888888,93121,119691,51605,51605,4918.0,4918.0,46687,46687.0,46687.0,14293,3850,14512,23668,7228,1894,301978,26359.0,7102.0,28743.0,27408.0,10686.0,6815.0,5365319.0
237,348888,143441,109201,65788,129048,-888888888,302081,359977,170513,170513,27072.0,27072.0,143441,143441.0,143441.0,35010,8262,56027,82598,19531,2458,952362,23628.0,33036.0,103194.0,78331.0,35482.0,17659.0,8961733.0
238,90737,39208,28714,14739,32273,-888888888,79952,92560,99427,99427,60219.0,60219.0,39208,39208.0,39208.0,7677,5474,21167,40319,21438,9403,584202,33479.0,5384.0,20799.0,20192.0,16203.0,8508.0,4735556.0
239,160001,54326,71350,48934,23546,-888888888,117708,162124,58685,58685,35586.901162790695,4359.0,54326,54326.0,54326.0,19177,6456,12608,27038,8415,1147,312820,33438.0,23366.0,29083.0,28910.0,10494.0,5127.0,12984788.0
240,669913,211332,291101,207390,106825,-888888888,491554,676948,226478,226478,15146.0,15146.0,211332,211332.0,211332.0,50897,11720,36858,64834,55473,53756,1641025,32430.0,28090.0,102127.0,145909.0,89851.0,39973.0,26102701.0
241,1362779,522039,584511,344764,271131,-888888888,1086472,1396445,579416,579416,57377.0,57377.0,522039,522039.0,522039.0,192848,56864,131244,276313,91122,13390,3279345,30091.0,95696.0,250542.0,288996.0,177513.0,103391.0,78390780.0
242,283280,110713,113459,61381,68690,-888888888,232674,286419,117860,117860,7147.0,7147.0,110713,110713.0,110713.0,39779,9643,29165,54854,18559,3136,696041,37226.0,10645.0,43814.0,70777.0,46801.0,30694.0,12486025.0
243,923363,362764,383044,240490,184739,-888888888,728218,941924,390387,390387,27623.0,27623.0,362764,362764.0,362764.0,127305,48147,89783,145884,75163,21845,2457072,34722.0,51957.0,145144.0,195390.0,146025.0,79497.0,56530708.0
244,838307,271980,334352,194458,183056,-888888888,679810,850967,290984,290984,19004.0,19004.0,271980,271980.0,271980.0,102016,28911,65971,98314,72260,18694,1668226,33782.0,84780.0,116809.0,187771.0,117297.0,69979.0,47162680.0
245,590143,226363,193364,109627,191416,-888888888,500565,596849,280390,280390,54027.0,54027.0,226363,226363.0,226363.0,55114,18868,73461,132398,48076,4760,1601933,27857.0,35401.0,125326.0,145163.0,86957.0,50860.0,23299546.0
246,198538,80447,77209,43440,49614,-888888888,164814,202977,114504,114504,34057.0,34057.0,80447,80447.0,80447.0,25141,10220,33660,52855,13052,2118,594972,27148.0,13918.0,47708.0,48485.0,21070.0,11107.0,7716270.0
247,91463,38995,31771,19888,24536,-888888888,75158,92499,43680,43680,4685.0,4685.0,38995,38995.0,292610.1221590909,10502,3505,12963,19829,5639,1371,263861,25440.0,6392.0,23339.0,23003.0,8502.0,4793.0,3215815.0
248,470226,182711,197133,105077,117318,-888888888,401176,494883,215510,215510,32799.0,32799.0,182711,182711.0,182711.0,58406,10870,53414,104039,41357,3486,1267743,29347.0,25042.0,95058.0,125325.0,60492.0,33606.0,18202880.0
249,359120,147607,136420,85292,92701,-888888888,292926,368683,166773,166773,19166.0,19166.0,147607,147607.0,147607.0,45071,18614,47034,66162,26345,6495,1003947,30714.0,20135.0,76524.0,83728.0,46014.0,26409.0,20835439.0
250,5943817,2285651,2402712,1320923,1372346,-888888888,4925297,6096372,2497446,2497446,211795.0,211795.0,2285651,2285651.0,2285651.0,764467,280138,514203,1008900,517662,117931,15586291,34702.0,376166.0,1236248.0,1005020.0,950153.0,660943.0,392231712.0
251,523453,228248,192326,100109,144654,-888888888,447188,535420,275704,275704,47456.0,47456.0,228248,228248.0,228248.0,67663,33383,81210,106953,38113,9248,1578438,35014.0,19115.0,97578.0,114206.0,101706.0,61994.0,28328330.0
252,2447000,954947,1036836,531211,518629,-888888888,2007800,2478996,1008538,1008538,53591.0,53591.0,954947,954947.0,954947.0,359090,109466,250570,386533,178850,44742,5794117,36323.0,137578.0,350393.0,562611.0,435286.0,264430.0,152388498.0
253,475962,181838,152680,89653,160507,-888888888,403409,482040,223168,223168,41330.0,41330.0,181838,181838.0,181838.0,44035,10081,82357,90753,33959,2751,1279193,28817.0,42699.0,103512.0,116070.0,59339.0,37078.0,15063173.0
254,4773951,1730400,1974389,1153928,1036827,-888888888,3834872,4857962,1940167,1940167,209767.0,209767.0,1730400,1730400.0,1730400.0,624706,213306,498772,673174,402667,104129,10836539,31853.0,391315.0,749520.0,1077448.0,658424.0,381964.0,229977451.0
255,77990,32467,35239,18872,21902,-888888888,73892,90306,42308,42308,9841.0,9841.0,32467,32467.0,292610.1221590909,12014,2996,9943,23199,4629,1052,248323,22737.0,7023.0,27531.0,17679.0,6781.0,3434.0,3312183.0
256,2267626,1013812,847346,438714,644596,-888888888,1936873,2324743,1130046,1130046,116234.0,116234.0,1013812,1013812.0,1013812.0,308230,123728,299364,463557,179899,41969,6939928,31612.0,94126.0,546193.0,452461.0,363441.0,237858.0,142471157.0
257,119676,55212,42851,21564,39858,-888888888,108235,126348,69393,69393,14181.0,14181.0,55212,55212.0,55212.0,17573,9470,16517,28337,10229,3072,403423,31296.0,6514.0,27999.0,26280.0,18893.0,13410.0,6523352.0
258,85289,30635,37535,22544,16930,-888888888,67606,87138,34441,34441,35586.901162790695,3806.0,30635,30635.0,30635.0,10639,2052,8418,10641,8339,4222,221954,25035.0,4189.0,14402.0,21508.0,10152.0,5312.0,3141168.0
259,284279,107565,107716,56965,80070,-888888888,238834,288127,136972,136972,29407.0,29407.0,107565,107565.0,107565.0,32903,6363,23294,84200,18074,3973,677912,29135.57329842932,57111.227154046996,127065.88250652741,142409.48302872063,105728.45953002611,67472.06788511749,43366184.85564304
260,226881,100836,61880,37293,95141,-888888888,198754,231993,118410,118410,17574.0,17574.0,100836,100836.0,100836.0,26935,11031,32766,57369,13355,2467,663882,25711.0,18512.0,44037.0,68929.0,29024.0,18073.0,43366184.85564304
261,1565994,621705,634220,320006,392671,-888888888,1343034,1621337,705461,705461,83756.0,83756.0,621705,621705.0,621705.0,239105,93730,211283,274945,88383,20061,3951992,31996.0,137020.0,337138.0,299928.0,217471.0,145012.0,78022671.0
262,618013,174426,310268,211310,69827,-888888888,443358,632705,183774,183774,9348.0,9348.0,174426,174426.0,174426.0,52802,7789,29719,53082,38146,52037,1333450,25973.0,17670.0,53892.0,113509.0,89296.0,41298.0,24917069.0
263,163507,64954,64477,37486,42778,-888888888,134639,167529,71451,71451,6497.0,6497.0,64954,64954.0,64954.0,22544,6958,20402,24828,12527,4843,417543,25220.0,11421.0,32843.0,45783.0,16537.0,8498.0,6060725.0
264,181377,74975,40081,22207,91878,-888888888,165477,184998,105164,105164,30189.0,30189.0,74975,74975.0,74975.0,12467,5522,41301,50333,6175,382,528176,24429.0,16268.0,53562.0,47230.0,21606.0,14254.0,4627343.0
265,190105,76808,73130,45350,46771,-888888888,157399,196584,82908,82908,35586.901162790695,6100.0,76808,76808.0,76808.0,25822,6783,23610,34227,13726,3131,491299,30844.0,12449.0,41409.0,46783.0,22529.0,12360.0,7742718.0
266,1337663,504854,570551,327949,237692,-888888888,1071251,1362540,548200,548200,43346.0,43346.0,504854,504854.0,504854.0,176354,49356,113129,228107,112574,38052,3409950,37448.0,69380.0,161386.0,244926.0,277214.0,161628.0,82217038.0
267,143624,58509,55101,33440,38046,-888888888,117383,147316,65885,65885,7376.0,7376.0,58509,58509.0,58509.0,17438,4986,18321,22089,15674,3247,398395,31123.0,5708.0,32329.0,31582.0,21456.0,10831.0,5584861.0
268,406927,157006,157190,93630,98856,-888888888,337231,420152,167383,167383,10377.0,10377.0,157006,157006.0,157006.0,44987,15594,32227,70028,36792,9439,1069093,30733.0,38808.0,101276.0,73963.0,46063.0,25792.0,18529351.0
269,176694,68198,63525,38584,50818,-888888888,145037,180040,79187,79187,10989.0,10989.0,68198,68198.0,68198.0,23796,6143,22493,39074,8341,1681,420862,26609.0,14670.0,29514.0,54601.0,17578.0,10638.0,7826545.0
270,465331,187724,186820,102361,110827,-888888888,380451,471265,203338,203338,15614.0,15614.0,187724,187724.0,187724.0,78428,27066,48273,75806,35747,8120,1097254,33482.0,33407.0,78828.0,112691.0,63497.0,38860.0,25048118.0
271,1270977,497416,519929,281971,286331,-888888888,1054268,1303621,535243,535243,37827.0,37827.0,497416,497416.0,497416.0,171199,40450,113607,213991,121911,36101,3423370,33637.0,95164.0,227674.0,237393.0,212569.0,132900.0,77162083.0
272,4533105,1366750,1937322,1188406,848859,-888888888,3570421,4622361,1574567,1574567,207817.0,207817.0,1366750,1366750.0,1366750.0,483970,131605,409273,552675,348323,101913,8754565,28106.0,539746.0,835246.0,946871.0,417430.0,231809.0,164487230.0
273,305457,126687,112230,63395,87185,-888888888,257572,314515,147101,147101,20414.0,20414.0,126687,126687.0,126687.0,41165,9381,40232,65039,24202,5638,883438,29249.0,23526.0,70437.0,64748.0,42399.0,24623.0,15105971.0
274,216664,88644,82705,53414,49832,-888888888,172704,219802,95278,95278,6634.0,6634.0,88644,88644.0,88644.0,23806,7604,23549,30167,23140,7952,625237,37438.0,9394.0,34777.0,47146.0,34538.0,24066.0,12739532.0
275,1030927,430682,407280,220075,270104,-888888888,875977,1071082,482352,482352,51670.0,51670.0,430682,430682.0,430682.0,136951,60220,111142,187561,92588,20363,2948107,31149.0,70574.0,187259.0,217511.0,149005.0,122140.0,55373998.0
276,331965,133049,124040,79600,81879,-888888888,267367,337658,145829,145829,12780.0,12780.0,133049,133049.0,133049.0,41426,13230,38886,61736,23880,5140,886687,28912.0,27275.0,75967.0,73981.0,31930.0,20341.0,14921756.0
277,143367,58844,51195,32132,39466,-888888888,117486,146021,68181,68181,9337.0,9337.0,58844,58844.0,58844.0,20011,2107,17651,36236,9107,1668,394525,25917.0,12397.0,37341.0,31476.0,14944.0,5475.0,8127558.0
278,93320,34672,38656,22625,22880,-888888888,78167,97927,40639,40639,35586.901162790695,5967.0,34672,34672.0,34672.0,13797,2554,11846,17365,6587,1553,239220,23627.0,12184.0,24108.0,18130.0,6537.0,4570.0,3881638.0
279,2314011,835453,949291,535943,509692,-888888888,1868638,2345210,911214,911214,75761.0,75761.0,835453,835453.0,835453.0,328335,96474,221497,340152,190007,42940,5127206,33738.0,162798.0,330518.0,549807.0,352931.0,192028.0,127055984.0
280,184490,78740,70240,40848,49620,-888888888,154763,190800,87810,87810,9070.0,9070.0,78740,78740.0,78740.0,23216,6418,20480,46141,10499,2529,533248,26796.0,11732.0,44404.0,47849.0,16854.0,10137.0,7641622.0
281,395834,161305,135799,77568,131989,-888888888,342422,409979,251638,251638,90333.0,90333.0,161305,161305.0,161305.0,41901,13417,58140,124722,41911,10486,1505449,29282.0,33275.0,95857.0,87190.0,47245.0,32306.0,19666209.0
282,1206060,402242,551982,335777,192103,-888888888,922505,1222540,426150,426150,23908.0,23908.0,402242,402242.0,402242.0,130931,44361,88487,107215,91259,84660,2798411,34033.0,66932.0,178417.0,253413.0,170326.0,100970.0,85198816.0
283,113025,43938,50805,28412,24983,-888888888,93439,119310,49393,49393,5455.0,5455.0,43938,43938.0,43938.0,16460,5026,14075,20137,7584,925,259577,26912.0,8764.0,25526.0,23753.0,13197.0,5281.0,7559617.0
284,2476715,823888,1071312,635046,465473,-888888888,1955315,2518036,905875,905875,81987.0,81987.0,823888,823888.0,823888.0,310532,116492,187269,372459,171041,32565,5119877,28310.0,243860.0,438341.0,500556.0,285566.0,163842.0,113554864.0
285,3259203,1130911,1458198,722408,661304,-888888888,2695957,3343364,1224390,1224390,93479.0,93479.0,1130911,1130911.0,1130911.0,530366,167649,373395,366541,210192,56528,6337396,34238.0,289510.0,420657.0,693804.0,526304.0,347504.0,217509581.0
286,4671716,1698978,1978620,931321,1022136,-888888888,3901974,4729484,1825205,1825205,126227.0,126227.0,1698978,1698978.0,1698978.0,765074,303006,485710,530495,296919,89147,9335251,48016.0,340961.0,537633.0,803220.0,1025802.0,724789.0,511920423.0
287,117070,40432,41186,20313,36837,-888888888,100287,118510,67704,67704,27272.0,27272.0,40432,40432.0,292610.1221590909,12184,5152,15591,37620,7722,815,289894,29135.57329842932,57111.227154046996,127065.88250652741,142409.48302872063,105728.45953002611,67472.06788511749,43366184.85564304
288,1968394,663870,853555,439638,381374,-888888888,1607885,1999107,697955,697955,34085.0,34085.0,663870,663870.0,663870.0,294146,93919,174511,217928,143751,35941,3641871,48238.0,151511.0,196184.0,307701.0,389587.0,345293.0,306242907.0
289,2007806,749522,775559,374977,542267,-888888888,1702657,2024604,971988,971988,222466.0,222466.0,749522,749522.0,749522.0,245385,55800,183165,546655,145957,19719,4624849,29135.57329842932,57111.227154046996,127065.88250652741,142409.48302872063,105728.45953002611,67472.06788511749,43366184.85564304
290,192847,74937,83251,47291,41458,-888888888,157181,199801,82549,82549,7612.0,7612.0,74937,74937.0,74937.0,24273,6927,21136,28781,18189,5244,503894,29485.0,9999.0,33851.0,47166.0,22202.0,11851.0,9818069.0
291,169577,59863,63514,44725,46419,-888888888,132037,171700,71349,71349,35586.901162790695,11486.0,59863,59863.0,59863.0,17183,3725,15925,29101,12533,9458,439466,27778.0,7572.0,24883.0,44993.0,21597.0,13386.0,5550054.0
292,118563,46816,48820,27620,30270,-888888888,102650,126991,54038,54038,7222.0,7222.0,46816,46816.0,292610.1221590909,15418,6347,16362,22402,6237,1655,317887,28847.0,9193.0,34255.0,25217.0,13785.0,5440.0,5510648.0
293,2745979,1137478,1071329,620855,662672,-888888888,2254571,2804724,1262336,1262336,124858.0,124858.0,1137478,1137478.0,1137478.0,359888,129321,342635,500060,220699,49542,7615007,32834.0,151201.0,500722.0,619834.0,401242.0,277938.0,150857645.0
294,420301,150729,172792,105205,96783,-888888888,338174,432102,159836,159836,9107.0,9107.0,150729,150729.0,150729.0,60751,12395,45788,72278,21367,4087,910388,27470.0,39526.0,73017.0,101521.0,46017.0,23627.0,16772148.0
295,418664,126299,180834,114103,83363,-888888888,333147,435594,142414,142414,16115.0,16115.0,126299,126299.0,126299.0,61503,16748,37983,53879,22515,4283,726011,28746.0,76675.0,58339.0,73835.0,40932.0,28128.0,26821031.0
296,267624,106198,116493,49675,77677,-888888888,240351,284010,122971,122971,16773.0,16773.0,106198,106198.0,106198.0,41118,11241,36842,53366,15170,2913,657273,32089.0,16942.0,37705.0,69441.0,41426.0,24565.0,16352453.0
297,261414,94994,116088,52617,63875,-888888888,227759,274255,106718,106718,11724.0,11724.0,94994,94994.0,94994.0,37907,13391,33901,40137,12745,2225,548116,32252.0,24755.0,27506.0,55971.0,42071.0,30470.0,13837794.0
298,147907,62707,49518,26881,48548,-888888888,126083,150056,73463,73463,10756.0,10756.0,62707,62707.0,62707.0,18075,6629,20579,34818,8475,1328,388582,32428.0,13029.0,27867.0,27133.0,21263.0,22902.0,5864721.0
299,426201,146224,196069,99331,93302,-888888888,358433,446527,158315,158315,12091.0,12091.0,146224,146224.0,146224.0,69620,22219,45227,54897,24082,5370,824565,29344.0,51380.0,52227.0,77140.0,55568.0,40852.0,27671513.0
300,493293,187434,184531,98257,134385,-888888888,413471,499942,205247,205247,17813.0,17813.0,187434,187434.0,187434.0,72190,23882,62274,76058,31915,5599,1094336,35380.0,40409.0,65771.0,124337.0,79289.0,51071.0,28320010.0
301,377112,142909,164040,88800,77566,-888888888,310093,389494,163292,163292,20383.0,20383.0,142909,142909.0,142909.0,56498,15130,34548,80413,23725,7725,983498,30075.0,24402.0,72249.0,83971.0,46870.0,33728.0,19364843.0
302,534566,227731,200550,111070,152608,-888888888,458257,555485,264517,264517,36786.0,36786.0,227731,227731.0,227731.0,74083,25643,58701,124787,39694,10378,1618404,27156.0,37528.0,152591.0,105585.0,64041.0,36901.0,25843112.0
303,3880472,1526210,1697371,846677,760035,-888888888,3182183,3939363,1617428,1617428,91218.0,91218.0,1526210,1526210.0,1526210.0,614200,224494,383029,532168,313297,87333,9211505,41881.0,195671.0,530239.0,835499.0,742826.0,465479.0,364163878.0
304,156228,57636,40749,25217,67498,-888888888,133911,157413,81037,81037,23401.0,23401.0,57636,57636.0,57636.0,10101,4720,26210,38887,9352,1602,472329,26174.0,14094.0,32187.0,40474.0,23478.0,13431.0,5735179.0
305,104015,40573,29952,18396,45206,-888888888,89467,105424,55760,55760,15187.0,15187.0,40573,40573.0,292610.1221590909,8675,5983,23930,20927,3217,607,277350,22193.0,10657.0,30499.0,24807.0,8725.0,4971.0,2456909.0
306,112476,46308,42046,25182,28484,-888888888,93193,115456,51352,51352,35586.901162790695,5044.0,46308,46308.0,46308.0,13106,3581,13745,24110,7371,1965,314079,35143.0,5518.0,28207.0,27896.0,12823.0,6598.0,6687709.0
307,131708,48963,49814,31346,31365,-888888888,106706,133991,56735,56735,7772.0,7772.0,48963,48963.0,48963.0,16167,3863,14812,27980,6831,1889,341082,27959.0,9183.0,26797.0,35438.0,11880.0,7221.0,4797618.0
308,428522,171540,170476,104676,99740,-888888888,342831,436341,204144,204144,32604.0,32604.0,171540,171540.0,171540.0,65989,21484,45941,102769,27358,3501,1127019,24376.0,38500.0,101063.0,84573.0,45387.0,23232.0,20954042.0
309,119305,49751,44869,27247,38672,-888888888,102489,126770,61318,61318,11567.0,11567.0,49751,49751.0,49751.0,14049,4097,15091,27133,12281,1048,351985,24579.0,11136.0,22049.0,36044.0,11563.0,7776.0,4416290.0
310,165672,65930,64790,43485,37933,-888888888,129527,169354,71056,71056,5126.0,5126.0,65930,65930.0,65930.0,20997,6835,20110,25487,12902,4477,447101,31781.0,12722.0,35233.0,38575.0,17497.0,8036.0,7588542.0
311,258339,102650,107656,69149,50503,-888888888,203804,266100,111652,111652,9002.0,9002.0,102650,102650.0,102650.0,33829,10897,30276,35543,21752,9933,692278,32396.0,11560.0,45639.0,57911.0,40942.0,18214.0,18055887.0
312,309987,128578,124624,75119,75972,-888888888,255702,322424,143517,143517,14939.0,14939.0,128578,128578.0,128578.0,38750,13681,37814,59141,25484,4574,867462,28661.0,22479.0,64192.0,63737.0,38448.0,25620.0,13686478.0
313,333222,127652,130389,78188,77978,-888888888,271060,341298,145544,145544,17892.0,17892.0,127652,127652.0,127652.0,37318,7844,33252,76999,20456,5304,860827,26372.0,30494.0,73880.0,73809.0,34395.0,19313.0,14141191.0
314,203003,88301,76504,45780,52246,-888888888,167733,207676,97663,97663,9362.0,9362.0,88301,88301.0,88301.0,27712,7804,27947,43175,14640,3069,593771,34448.0,10781.0,41163.0,45225.0,29645.0,18214.0,10860466.0
315,594692,237580,257695,124706,147689,-888888888,522928,631761,257938,257938,20358.0,20358.0,237580,237580.0,237580.0,91567,31647,69734,100417,38781,9886,1453567,28867.0,53817.0,115878.0,112566.0,78050.0,60390.0,30723387.0
316,451142,192513,188690,105793,105864,-888888888,373926,468126,205574,205574,13061.0,13061.0,192513,192513.0,192513.0,73200,16799,51919,87691,25777,11166,1165656,26202.0,28906.0,91600.0,105545.0,49521.0,32723.0,17945788.0
317,130902,55327,48422,30121,35238,-888888888,108194,134585,61307,61307,5980.0,5980.0,55327,55327.0,55327.0,19269,5262,18668,26812,8394,1350,360708,27165.0,11062.0,31732.0,31858.0,11920.0,5762.0,4293412.0
318,144003,58514,83525,24527,31484,-888888888,140974,162805,67155,67155,8641.0,8641.0,58514,58514.0,58514.0,21542,8431,13842,27682,11511,3095,397194,26019.0,5240.0,28321.0,18596.0,23042.0,22748.0,7899910.0
319,116723,50045,43070,24775,34839,-888888888,100719,123007,55170,55170,5125.0,5125.0,50045,50045.0,50045.0,15916,3389,14051,26240,9205,1704,335138,28781.0,11437.0,34146.0,21711.0,14277.0,8265.0,4766582.0
320,735733,231917,310768,204316,138313,-888888888,571146,752660,245561,245561,13644.0,13644.0,231917,231917.0,231917.0,105439,20227,57005,97772,50407,13620,1370230,29768.0,94407.0,146372.0,149489.0,58966.0,26390.0,29553515.0
321,103395,40396,41657,25144,23793,-888888888,84264,106512,48282,48282,7886.0,7886.0,40396,40396.0,40396.0,15206,2192,8431,27606,8254,1509,290757,24608.0,10425.0,20687.0,25548.0,9148.0,5131.0,4436732.0
322,558725,229018,226291,126180,133347,-888888888,461098,573527,249137,249137,20119.0,20119.0,229018,229018.0,229018.0,80536,27319,63231,80741,52674,19505,1530929,29204.0,26037.0,93450.0,156376.0,76781.0,42143.0,25754206.0
323,621498,257443,250758,135924,157647,-888888888,532143,650502,296359,296359,38916.0,38916.0,257443,257443.0,257443.0,82115,33842,72597,115078,58539,11506,1819351,31250.0,43086.0,125608.0,133029.0,75739.0,65562.0,36734597.0
324,366441,146351,182575,73303,80651,-888888888,321896,387455,171457,171457,25106.0,25106.0,146351,146351.0,146351.0,59846,17428,38185,84243,25620,4072,936036,26720.0,25991.0,61730.0,67484.0,50249.0,38550.0,16253003.0
325,3094858,1227325,1155593,626137,834441,-888888888,2590482,3142663,1435447,1435447,208122.0,208122.0,1227325,1227325.0,1227325.0,432831,163411,528892,478928,195600,40636,7749024,29343.0,231724.0,668969.0,672683.0,451071.0,248314.0,143153414.0
326,156839,67747,68604,35439,39189,-888888888,136985,168679,75293,75293,7546.0,7546.0,67747,67747.0,67747.0,22917,6824,23588,29748,9219,2721,439199,25851.0,9870.0,41130.0,36233.0,15150.0,9198.0,7011546.0
327,144357,56610,59368,36877,34937,-888888888,118421,151675,66700,66700,10090.0,10090.0,56610,56610.0,56610.0,20702,5086,15923,33998,7264,581,362847,26767.0,11254.0,35049.0,36851.0,13781.0,6042.0,5095749.0
328,119252,62854,20791,9257,84858,-888888888,120634,128754,72372,72372,35586.901162790695,9518.0,62854,62854.0,292610.1221590909,7883,2387,23313,43528,2611,240,382055,27373.0,9829.0,34205.0,36024.0,19542.0,16253.0,2524512.0
329,587239,245652,237355,134871,138598,-888888888,482530,602871,275164,275164,29512.0,29512.0,245652,245652.0,245652.0,92477,29208,72147,115526,46886,7742,1669796,27597.0,36932.0,129604.0,127941.0,65469.0,42234.0,34314738.0
330,226844,95364,83804,54854,61061,-888888888,184137,232594,105397,105397,10033.0,10033.0,95364,95364.0,95364.0,30434,8423,26083,41993,16450,5148,626110,31047.0,13195.0,52062.0,48102.0,29521.0,15175.0,10592903.0
331,355087,132980,149221,78695,79032,-888888888,300103,369811,145132,145132,12152.0,12152.0,132980,132980.0,132980.0,49761,18793,34255,46959,31335,9846,884947,33576.0,32557.0,63288.0,48004.0,54834.0,50353.0,30121068.0
332,107671,40130,42519,30309,23339,-888888888,83124,109264,42170,42170,35586.901162790695,32621.49738219895,40130,40130.0,292610.1221590909,12524,3031,8632,18384,8233,2731,257859,27209.0,11053.0,19209.0,25682.0,7827.0,5721.0,4739793.0
333,1010866,402323,411019,216294,271445,-888888888,847376,1039073,462778,462778,60455.0,60455.0,402323,402323.0,402323.0,151689,64765,127490,165021,79337,12992,2425274,27521.0,82016.0,162971.0,234566.0,129456.0,91482.0,41020726.0
334,977128,381588,388898,244804,213910,-888888888,775542,993928,434806,434806,53218.0,53218.0,381588,381588.0,381588.0,133682,44447,95925,202809,69263,14403,2524574,30010.0,67774.0,193541.0,218968.0,124689.0,58085.0,52592588.0
335,232484,87597,111108,51642,48730,-888888888,199699,244895,110843,110843,23246.0,23246.0,87597,87597.0,87597.0,31315,9993,26487,49397,19580,4087,622839,24119.0,16063.0,51052.0,46527.0,25138.0,17576.0,10662980.0
336,225242,77330,89911,56559,52104,-888888888,179671,230221,91101,91101,13771.0,13771.0,77330,77330.0,77330.0,25458,7226,18785,44193,15774,2261,514324,27242.0,20963.0,34354.0,52893.0,27357.0,15342.0,10272715.0
337,140186,53680,66077,32625,27854,-888888888,116534,145577,62704,62704,9024.0,9024.0,53680,53680.0,53680.0,25015,4736,13298,32603,10411,1078,347572,25338.0,13228.0,30192.0,27758.0,11199.0,7112.0,5070540.0
338,435952,152291,177152,99231,101130,-888888888,357799,446610,158815,158815,6524.0,6524.0,152291,152291.0,152291.0,56434,15632,33404,60292,38716,7360,903683,38942.0,33645.0,72214.0,117535.0,57916.0,27580.0,21854674.0
339,947926,308208,396403,207907,233253,-888888888,792616,980080,352582,352582,44374.0,44374.0,308208,308208.0,308208.0,137431,46942,93458,109755,57199,20897,1708035,36007.0,55984.0,175410.0,210213.0,157316.0,82465.0,61308794.0
340,278528,112800,105185,61141,77320,-888888888,236731,291410,139326,139326,26526.0,26526.0,112800,112800.0,112800.0,36881,14578,33565,60046,22685,6469,846749,29714.0,21009.0,68815.0,61656.0,28941.0,23033.0,11948778.0
341,6142408,2234559,2618853,1434315,1167157,-888888888,4975028,6251240,2374883,2374883,140324.0,140324.0,2234559,2234559.0,2234559.0,814784,321909,502768,705972,535283,238034,15297831,47121.0,370099.0,761856.0,935331.0,1115304.0,1085498.0,484614759.0
342,162882,68384,70850,37325,38910,-888888888,136796,169659,74416,74416,6032.0,6032.0,68384,68384.0,68384.0,20933,7184,20794,29265,12334,3721,455126,28475.0,8767.0,33619.0,34585.0,21933.0,10222.0,8628719.0
343,97577,34730,37428,25333,22648,-888888888,75935,99047,41067,41067,6337.0,6337.0,34730,34730.0,34730.0,10947,5279,11047,18921,5236,328,224795,26343.0,9539.0,20301.0,22176.0,9367.0,3911.0,4518323.0
344,139439,50034,60779,35304,31962,-888888888,119757,150972,56497,56497,6463.0,6463.0,50034,50034.0,50034.0,16264,6086,11540,27140,9549,842,348665,25321.0,21423.0,36875.0,27549.0,10088.0,6968.0,5906791.0
345,1657767,654475,730966,379532,359023,-888888888,1388930,1729114,721597,721597,67122.0,67122.0,654475,654475.0,654475.0,257608,52026,174364,287952,154730,38757,4445441,32545.0,92472.0,286563.0,398252.0,235032.0,148307.0,87871687.0
346,460709,139197,195726,142990,76689,-888888888,339624,465861,150217,150217,11020.0,11020.0,139197,139197.0,139197.0,57335,11387,38118,67818,26507,3524,799097,22649.0,79520.0,70194.0,81705.0,27845.0,15956.0,18270773.0
347,331369,132841,143044,74572,74868,-888888888,274284,340318,150185,150185,17344.0,17344.0,132841,132841.0,132841.0,43257,15624,37398,60300,26903,6980,919205,27863.0,17487.0,54604.0,70788.0,46159.0,29242.0,12622520.0
348,105667,40642,43363,25195,25626,-888888888,87441,110024,45644,45644,5002.0,5002.0,40642,40642.0,40642.0,13353,3368,12670,21128,6439,1257,264728,25615.0,9088.0,25803.0,23471.0,8710.0,5652.0,5475554.0
349,2107777,835092,846032,519451,451904,-888888888,1683577,2142419,917911,917911,82819.0,82819.0,835092,835092.0,835092.0,292182,92841,219283,347614,193911,48221,5680923,34200.0,112705.0,367139.0,434029.0,340486.0,197246.0,122027912.0
350,291148,98988,120111,84918,55545,-888888888,219810,296224,106032,106032,7044.0,7044.0,98988,98988.0,98988.0,32496,8092,19621,48394,22135,6029,647832,31294.0,28588.0,45996.0,60463.0,30465.0,20444.0,14590499.0
351,423995,152160,202279,120642,70989,-888888888,344042,451681,178904,178904,26744.0,26744.0,152160,152160.0,152160.0,66702,16570,33198,85352,38491,3015,962266,27505.0,27478.0,77051.0,109982.0,42478.0,21889.0,16795477.0
352,299590,125768,103677,58750,92231,-888888888,254161,306562,149268,149268,23500.0,23500.0,125768,125768.0,125768.0,33470,12586,41985,68637,19971,3944,875900,22940.0,29656.0,81007.0,65961.0,29997.0,17630.0,12372823.0
353,170477,69154,66477,31311,49420,-888888888,151260,178599,85431,85431,16277.0,16277.0,69154,69154.0,69154.0,22663,13640,21460,30969,13294,4235,498295,31758.0,12200.0,38701.0,37934.0,23342.0,17980.0,6404599.0
354,863311,344657,333834,182427,221865,-888888888,722018,882598,399186,399186,54529.0,54529.0,344657,344657.0,344657.0,107919,28153,105841,176612,65173,16599,2404579,26978.0,67671.0,187304.0,180945.0,104601.0,70780.0,39345127.0
355,80684,35139,28970,18632,21163,-888888888,65655,82366,39559,39559,35586.901162790695,4420.0,35139,35139.0,35139.0,11267,4189,9701,17610,6004,1257,240435,30864.0,7077.0,20242.0,17279.0,8514.0,4443.0,3869901.0
356,131388,56157,56827,27280,32628,-888888888,112374,136808,59352,59352,3195.0,32621.49738219895,56157,56157.0,56157.0,20281,6125,16441,20870,11082,3789,368199,30780.0,3775.0,24670.0,29475.0,19479.0,12093.0,7387781.0
357,480569,184357,195761,120290,98962,-888888888,381876,489364,211681,211681,27324.0,27324.0,184357,184357.0,184357.0,57686,16147,53189,109043,27940,3723,1172849,26056.0,51518.0,117865.0,74823.0,54709.0,23813.0,20064836.0
358,206252,81884,110485,47087,38700,-888888888,181588,222676,90200,90200,8316.0,8316.0,81884,81884.0,81884.0,35477,11443,19499,36311,17707,2703,540720,24547.0,10362.0,33269.0,37350.0,27397.0,18364.0,10338592.0
359,206571,80385,82837,51355,46031,-888888888,163760,209548,95671,95671,15286.0,15286.0,80385,80385.0,80385.0,26862,6892,24122,48245,13574,2182,545327,26206.0,18001.0,46716.0,44967.0,20604.0,9731.0,16435595.0
360,205705,90270,59429,35609,82568,-888888888,177746,209550,115269,115269,24999.0,24999.0,90270,90270.0,90270.0,26616,6331,38782,56100,11156,642,580326,23492.0,20798.0,55424.0,61519.0,15673.0,7353.0,4943977.0
361,694899,241171,263046,156486,185701,-888888888,570169,708009,299432,299432,58261.0,58261.0,241171,241171.0,241171.0,73224,25456,91168,123345,44773,8804,1665582,25816.0,73451.0,171703.0,149752.0,63259.0,33583.0,23982821.0
362,532563,202490,202684,127711,133044,-888888888,430023,543557,212243,212243,9753.0,9753.0,202490,202490.0,202490.0,66038,18801,45839,90100,43262,10470,1341660,31881.0,55463.0,124851.0,82041.0,65673.0,38742.0,26820073.0
363,460033,186832,211343,98645,105991,-888888888,395591,481893,203771,203771,16939.0,16939.0,186832,186832.0,186832.0,65471,21468,51339,83076,36096,8100,1237188,29695.0,19877.0,71590.0,112889.0,63847.0,42620.0,23609661.0
364,271899,75300,119263,90659,35638,-888888888,195021,275910,84466,84466,9166.0,9166.0,75300,75300.0,75300.0,29464,7531,21305,41315,9974,2655,447858,21503.0,52381.0,32814.0,37862.0,22514.0,7975.0,12074896.0
365,211752,80409,91541,52231,46611,-888888888,170868,217522,89060,89060,8651.0,8651.0,80409,80409.0,80409.0,31765,7623,24930,37968,14464,2507,470877,20430.0,27330.0,31650.0,36760.0,24246.0,14261.0,6733016.0
366,2205026,808605,910272,517629,455810,-888888888,1770261,2231647,913385,913385,104780.0,104780.0,808605,808605.0,808605.0,370321,103308,236616,318859,170289,45589,4830406,30872.0,216265.0,429391.0,508165.0,246720.0,129667.0,107500238.0
367,113654,48907,64287,21734,20838,-888888888,101645,121436,51068,51068,35586.901162790695,32621.49738219895,48907,48907.0,48907.0,23008,6206,12716,18178,9101,3244,300296,25752.0,2393.0,10665.0,18217.0,19217.0,20900.0,4503452.0
368,115616,44611,55313,29334,23692,-888888888,99063,125696,54668,54668,10057.0,10057.0,44611,44611.0,44611.0,19420,4959,11823,27955,7156,1070,293347,25976.0,9504.0,25409.0,27157.0,10435.0,8334.0,4627121.0
369,137372,54522,49841,32141,37774,-888888888,113314,141314,58010,58010,35586.901162790695,3488.0,54522,54522.0,54522.0,16007,5058,12347,28465,8616,2216,357327,29980.0,12047.0,44117.0,21426.0,13537.0,6619.0,5569868.0
370,61854,25267,21610,14114,19783,-888888888,50348,63018,28344,28344,35586.901162790695,3077.0,25267,25267.0,292610.1221590909,6855,2839,8888,9617,5063,1496,174549,28164.0,2774.0,15205.0,17164.0,6644.0,2559.0,2659400.0
371,104252,44897,39130,22257,26687,-888888888,87765,107679,50052,50052,35586.901162790695,5155.0,44897,44897.0,292610.1221590909,17309,5357,16155,19600,6184,1549,274047,30315.0,7776.0,26306.0,26960.0,10486.0,4347.0,4256656.0
372,498872,204420,222452,112946,102838,-888888888,415015,516697,222288,222288,17868.0,17868.0,204420,204420.0,204420.0,81546,22357,54085,91103,41415,10110,1323511,30183.0,32577.0,78730.0,99392.0,75070.0,55260.0,26402432.0
373,98896,41204,38849,23083,25327,-888888888,82411,102663,45192,45192,3988.0,3988.0,41204,41204.0,292610.1221590909,14401,3144,11352,21792,6909,1221,277562,24715.0,6207.0,27729.0,22664.0,6725.0,5182.0,7775161.0
374,318687,132621,149490,75834,65601,-888888888,265809,333964,140696,140696,8075.0,8075.0,132621,132621.0,132621.0,52352,19662,35617,49280,24147,8234,867092,31057.0,12645.0,45114.0,66373.0,54614.0,30107.0,17587029.0
375,726506,284383,297398,173545,158602,-888888888,586149,741357,328929,328929,44546.0,44546.0,284383,284383.0,284383.0,99308,25504,74893,160263,51250,8544,1892246,29860.0,49447.0,145915.0,155245.0,88784.0,58815.0,33228850.0
376,138081,43423,68480,43271,19325,-888888888,103060,141476,47047,47047,3624.0,3624.0,43423,43423.0,43423.0,15277,2953,10024,11044,11293,11198,329416,24659.0,4802.0,15955.0,24638.0,18101.0,9712.0,5367545.0
377,208947,76416,85024,53747,49543,-888888888,172700,219417,90808,90808,14392.0,14392.0,76416,76416.0,76416.0,25308,7868,21381,48060,10992,1474,509005,25916.0,22144.0,47802.0,49248.0,16823.0,8304.0,15562543.0
378,107503,43279,38606,25393,29096,-888888888,86221,108987,44959,44959,35586.901162790695,32621.49738219895,43279,43279.0,43279.0,13875,3956,9928,20217,7256,1785,259364,28381.0,7418.0,24975.0,30257.0,8720.0,4074.0,4710101.0
379,13101352,4354302,5640185,2887679,2609293,-888888888,10733285,13291486,4672663,4672663,318361.0,318361.0,4354302,4354302.0,4354302.0,2255530,826837,1380619,1341665,653222,178250,22991048,31070.0,1740111.0,1810764.0,2436574.0,2061593.0,1102732.0,937166561.0
380,1266685,507467,504434,288580,296074,-888888888,1041495,1296815,562814,562814,55347.0,55347.0,507467,507467.0,507467.0,168200,51688,149121,241511,85894,24924,3355137,30895.0,92201.0,261615.0,274821.0,164603.0,107465.0,63551470.0
381,307244,120125,149490,76993,57667,-888888888,250454,319995,135468,135468,15343.0,15343.0,120125,120125.0,120125.0,52004,17716,30058,62892,20007,1838,729055,25627.0,26188.0,50955.0,57400.0,36164.0,19250.0,13064236.0
382,252900,103276,101930,52145,68894,-888888888,219117,265405,117697,117697,14421.0,14421.0,103276,103276.0,103276.0,31675,6585,32012,56164,16777,5444,721410,26005.0,17628.0,56907.0,53636.0,30474.0,18754.0,9606241.0
383,217406,84705,87637,53940,52601,-888888888,179700,226680,101899,101899,17194.0,17194.0,84705,84705.0,84705.0,34631,9525,25694,45084,16489,3417,594982,25069.0,21677.0,48257.0,46631.0,20723.0,13832.0,10531290.0
384,149208,44484,63858,43123,30154,-888888888,119395,157672,50971,50971,6487.0,6487.0,44484,44484.0,44484.0,16065,2742,10159,23283,11059,1742,286152,23434.0,31178.0,23015.0,29917.0,10732.0,4559.0,6456568.0
385,645199,275594,289762,136760,135281,-888888888,539502,660422,290894,290894,15300.0,15300.0,275594,275594.0,275594.0,107519,38251,75520,108301,46559,12241,1703530,37985.0,23161.0,92147.0,125125.0,120130.0,82619.0,45140153.0
386,406805,161649,159203,84981,94446,-888888888,340143,415247,172044,172044,10395.0,10395.0,161649,161649.0,161649.0,54743,19540,50943,62843,28844,5814,1011309,36897.0,22477.0,76532.0,81573.0,70785.0,42538.0,25408664.0
387,87236,35912,55051,19434,14828,-888888888,80654,97980,41175,41175,5263.0,5263.0,35912,269341.0565552699,35912.0,17837,4597,9633,13503,7622,3098,235053,22569.0,2793.0,10623.0,15197.0,13369.0,9942.0,6277240.0
388,96132,39263,47679,20349,19920,-888888888,82972,101647,42424,42424,3161.0,3161.0,39263,39263.0,39263.0,13007,3985,10613,14242,9386,2884,264611,30036.0,4347.0,15506.0,21526.0,13955.0,6457.0,5346623.0
389,114034,48105,43118,25845,31379,-888888888,98254,121099,54173,54173,6068.0,6068.0,48105,48105.0,48105.0,16045,3770,13457,27912,6244,1555,327606,24499.0,11773.0,33960.0,24644.0,9920.0,5818.0,4355571.0
