GeoFips,GeoName,2001,2002,2003,2004,2005,2006,2007,2008,2009,2010,2011,2012,2013,2014,2015,2016,2017,2018,2019
998,United States (Metropolitan Portion),11890879246,12094532076,12430913001,12905547481,13379989762,13742173042,13971948489,13925597790,13529960333,13849238270,14039945397,14332171020,14539458917,14910392024,15409410629,15708326626,16101633406,16592844189,16944454034
10180,"Abilene, TX (Metropolitan Statistical Area)",4855162,4904254,4976313,5108723,5203669,5674123,5910760,6026881,5884202,6081119,6105549,6285840,6305684,6397997,6306160,6223973,6302350,6621461,6812477
10420,"Akron, OH (Metropolitan Statistical Area)",27998310,29126178,29848503,30460822,31133589,31179631,31559146,31322176,29424800,30188121,30330321,30484007,30779379,31524768,31885693,31967906,32247045,32864318,33086775
10500,"Albany, GA (Metropolitan Statistical Area)",5477771,5559242,5600882,5664402,5808364,5791172,5670769,5552281,5455651,5329949,5415550,5436011,5401892,5333508,5304650,5392124,5383456,5461823,5699287
10540,"Albany-Lebanon, OR (Metropolitan Statistical Area)",3387444,3595526,3436210,3678151,3744119,4101737,3890943,3738170,3660753,3586428,3630165,3642763,3716414,3746019,4023744,4237331,4257257,4548841,4692052
10580,"Albany-Schenectady-Troy, NY (Metropolitan Statistical Area)",42277660,42843895,44112948,44981479,45542830,46912419,47044714,47686361,48646860,48811034,48853291,49077007,49689696,50315739,51588795,53029656,54313372,55124291,56461199
10740,"Albuquerque, NM (Metropolitan Statistical Area)",29908382,30207908,33167134,37651402,37558482,38076130,37472523,37153620,38443811,37639901,37227725,37058169,35982789,36867671,37411651,38016623,37829268,38477142,39250733
10780,"Alexandria, LA (Metropolitan Statistical Area)",4725385,4881177,4912529,5145405,5411335,5508103,5294986,5326193,5557942,5647050,5633630,5545476,5485821,5429779,5328832,5399004,5456592,5534140,5575697
10900,"Allentown-Bethlehem-Easton, PA-NJ (Metropolitan Statistical Area)",42204744,42128399,38204228,35120206,35187232,35263677,36862603,37198009,36101333,37141059,37290785,37188076,37684618,38333541,39226434,40062532,40190685,40543564,41912704
11020,"Altoona, PA (Metropolitan Statistical Area)",4602026,4584389,4704467,4863727,5031093,5216891,5180368,5191181,5108856,5194036,5142424,5155376,5204384,5247661,5302807,5337374,5467576,5489056,5647210
11100,"Amarillo, TX (Metropolitan Statistical Area)",9566199,9797185,9922136,10040062,10073006,10700493,11040520,11169736,11155310,11528681,11587750,11481732,11622541,11893843,12298576,12236673,12248498,12631603,12698215
11180,"Ames, IA (Metropolitan Statistical Area)",4003940,4174367,4329448,4495257,4585825,4724074,4806873,4978313,4801482,4811627,5029513,5288511,5545828,5691213,5664869,5593939,5690987,5837047,5837188
11260,"Anchorage, AK (Metropolitan Statistical Area)",17708247,17965935,18363022,18703731,19424054,19532909,19844680,20794823,21656391,22568812,22963578,22918799,22364689,22433982,23444954,23311642,22923247,23080044,23244564
11460,"Ann Arbor, MI (Metropolitan Statistical Area)",18972295,20060248,20430827,20225953,20602048,20044419,20435543,19300104,17890027,18452057,18652174,19040628,19253732,19538254,20387939,20953441,21512047,22224950,22430838
11500,"Anniston-Oxford, AL (Metropolitan Statistical Area)",3453799,3564012,3672508,3957154,4135123,4244878,4395303,4454594,4239166,4383624,4225872,4185918,4030503,3897498,3832845,3861691,3882048,3955983,4050073
11540,"Appleton, WI (Metropolitan Statistical Area)",9567748,9580043,9856432,10159373,10415584,10555787,10710157,10505445,10230421,10399394,10720622,11060961,10906226,11306578,11918485,12312333,12508385,12891169,13178332
11700,"Asheville, NC (Metropolitan Statistical Area)",13130580,13555644,13751277,14160696,14561655,15303636,15035709,15034512,14377112,14974081,15176948,14987728,15339894,15809348,16218804,16646289,17334723,18059998,18603932
12020,"Athens-Clarke County, GA (Metropolitan Statistical Area)",6580240,6681766,7012776,7154542,7285040,7386724,7487545,7514082,7457059,7491061,7464407,7732780,7881463,8072774,8346843,8480563,8943500,9306104,9151049
12060,"Atlanta-Sandy Springs-Alpharetta, GA (Metropolitan Statistical Area)",255588329,258265376,265862457,279097237,291832447,292848540,293958262,285603018,272399465,277407869,283393539,287373839,293252357,306798330,321771292,336828238,351449177,366280393,371826639
12100,"Atlantic City-Hammonton, NJ (Metropolitan Statistical Area)",13501069,13961218,14157864,14261004,14691619,15661056,15617189,15610448,13826638,13429697,13861288,13658072,13565865,13243261,12809236,12598505,12414931,12410061,12593490
12220,"Auburn-Opelika, AL (Metropolitan Statistical Area)",3019080,3173330,3325200,3675810,3799790,3930987,4085819,4064022,4014291,4104610,4465038,4616562,4700023,4731165,4926084,5086943,5174382,5219694,5265738
12260,"Augusta-Richmond County, GA-SC (Metropolitan Statistical Area)",19518053,19719487,20386767,20791083,20718120,20957362,21853913,22217958,21808117,22223811,22464756,22533628,22451923,22595351,23477315,23777791,24267141,24839850,25427997
12420,"Austin-Round Rock-Georgetown, TX (Metropolitan Statistical Area)",61179825,62775075,64512728,67523442,73017529,81416678,85475139,89189550,87078668,92603380,96445638,98832320,103345283,109027571,118091175,124294376,132449303,138796267,143075741
12540,"Bakersfield, CA (Metropolitan Statistical Area)",27618932,31296594,31272159,34099312,36485644,42296480,46050178,44754003,47449625,45063706,43919345,47559076,46625163,47382801,47841535,47776348,48399815,49292395,51416782
12580,"Baltimore-Columbia-Towson, MD (Metropolitan Statistical Area)",131482736,135706802,138077799,143849425,151059408,155588812,155960439,156519010,155873674,160999349,164057812,165595495,166885963,169887055,174178689,179127630,182179797,185477090,188615454
12620,"Bangor, ME (Metropolitan Statistical Area)",5631934,5783273,5755693,5935468,5965964,6029131,5938726,5876075,5850426,5828366,5681274,5606543,5540245,5568853,5560083,5679540,5714171,5890326,6033967
12700,"Barnstable Town, MA (Metropolitan Statistical Area)",10583276,10913785,11275794,11621964,11442622,11545879,11381980,11362189,11249961,11521462,11780260,11795379,11828255,11966452,12230426,12218581,12373574,12591850,13587539
12940,"Baton Rouge, LA (Metropolitan Statistical Area)",37627788,40175790,41694324,45874839,50473998,49338926,45585127,44275507,44537095,46497395,51637767,51574208,51606313,56680339,56639342,54140710,50720844,53052638,53347706
12980,"Battle Creek, MI (Metropolitan Statistical Area)",5609436,5669532,5769848,5887851,5995634,6123249,6179075,5959316,5470679,5565193,5454261,5405014,5523345,5539470,5712980,5837316,5868172,5893153,5848265
13020,"Bay City, MI (Metropolitan Statistical Area)",3521699,3540755,3579088,3560694,3564509,3625453,3609025,3507472,3410539,3523634,3517388,3506094,3514676,3335057,3361576,3328608,3276135,3319686,3323417
13140,"Beaumont-Port Arthur, TX (Metropolitan Statistical Area)",23328527,22550335,22946654,26927289,24307848,24557275,26768231,25748237,25966437,28314907,28201138,28429695,28340875,23740998,23777602,24846498,25456422,27094016,26978191
13220,"Beckley, WV (Metropolitan Statistical Area)",3796464,3832123,3773905,3853791,4048407,4046397,4081313,4256642,4207902,4352026,4424804,4275849,4166448,3874900,3771478,3560347,3655738,3768527,3844406
13380,"Bellingham, WA (Metropolitan Statistical Area)",7987421,8570096,8719490,8813209,10843995,9876404,10182940,9937904,10056318,10409091,9582436,9606382,9699616,9749675,10065561,10886761,12012323,13190934,13808458
13460,"Bend, OR (Metropolitan Statistical Area)",4533919,4758707,5017990,5181061,5683645,6029226,6166565,5919633,5391695,5218330,5213100,5407947,5741809,6265110,6839119,7414436,8102884,8482294,8670438
13740,"Billings, MT (Metropolitan Statistical Area)",6988190,7066454,7563735,7936222,7887905,8144418,8983001,8560543,8031163,8318091,8731149,8803776,8995852,9501080,10074576,9465662,9612347,9812265,10075817
13780,"Binghamton, NY (Metropolitan Statistical Area)",8065093,8003837,7985635,8049933,8255683,8890991,9339573,9838755,9984757,10410812,10327597,10463107,10456663,10310402,10331695,10102542,10077193,10249212,10651536
13820,"Birmingham-Hoover, AL (Metropolitan Statistical Area)",46268804,47850291,48553316,51011984,52425048,51828961,52238118,52446550,49730757,50128633,51303180,52031313,51827790,51777280,52599538,52860279,53732552,54961671,55427936
13900,"Bismarck, ND (Metropolitan Statistical Area)",4168938,4278643,4582310,4740594,4828355,4917718,4947304,5062819,5235551,5372890,5654176,6277534,6332057,6936689,7168780,6832643,6841446,6793978,6839524
13980,"Blacksburg-Christiansburg, VA (Metropolitan Statistical Area) *",5442760,5517328,5856456,5914455,6260375,6663582,6833659,6408537,6057717,6093048,6267156,6229060,6271946,6503925,6706062,6765798,6523625,6747291,6864423
14010,"Bloomington, IL (Metropolitan Statistical Area)",8689127,8888906,9171679,9555108,9655499,10496900,10535458,10119435,10232726,10547829,10578199,10781922,10671054,11957897,12861486,13291312,13267761,13809567,13778419
14020,"Bloomington, IN (Metropolitan Statistical Area)",4970222,5107894,5249642,5382626,5604002,5754616,5632310,5642365,5582925,5648117,5678353,5709874,5787759,6072360,6040744,6181897,6434129,6618976,6644075
14100,"Bloomsburg-Berwick, PA (Metropolitan Statistical Area)",3115725,3283059,3273892,3446351,3542068,3779396,3701353,3749420,3743817,3899057,4026250,4024529,4096031,4017305,4090167,4079618,4074725,4079567,4123229
14260,"Boise City, ID (Metropolitan Statistical Area)",18460522,18999461,20141239,21593180,23874359,24006340,24203651,24837324,23732353,23934752,23923582,24141578,25219072,26392040,26988935,28302533,30083655,32266330,33376259
14460,"Boston-Cambridge-Newton, MA-NH (Metropolitan Statistical Area)",286818266,286303896,294087036,303059668,310664832,315164204,324976499,327216743,325615980,340446586,348153680,356854846,358488456,365032742,380880796,388346340,398750645,414346347,423725910
14500,"Boulder, CO (Metropolitan Statistical Area) *",17925638,16675117,16798071,17344178,17701852,18283985,19306735,20087112,19810647,20304027,20292945,20433956,20985141,21705942,22689931,23506478,25035919,25928673,27509931
14540,"Bowling Green, KY (Metropolitan Statistical Area)",4500327,4662309,4858790,5065894,5387755,5643244,5588418,5656518,5230311,5689181,5691824,5863404,5918273,6040388,6101911,6241264,6356718,6431811,6550187
14740,"Bremerton-Silverdale-Port Orchard, WA (Metropolitan Statistical Area)",8392804,8844541,9001606,9338993,9728186,9950942,10055149,10389401,10141095,10087119,9993722,9895427,9818100,9999944,10265876,10669464,11016173,11591481,12065255
14860,"Bridgeport-Stamford-Norwalk, CT (Metropolitan Statistical Area)",77149414,77535430,76945317,80924633,83605902,85626219,89233935,90049118,85067321,83699557,78864196,81753538,79357112,78270189,79648045,79314469,79037555,79284819,79854813
15180,"Brownsville-Harlingen, TX (Metropolitan Statistical Area)",7274847,7625966,7760990,7877167,8091090,8510635,8555129,8671695,8676893,9068726,9280104,9385749,9513763,9470729,9532868,9712856,9803899,10091715,10373362
15260,"Brunswick, GA (Metropolitan Statistical Area)",3362719,3446835,3616226,3881639,3949484,4130384,4104714,3917014,3793215,3837584,3740894,3672893,3637997,3633837,3832484,3853601,3949332,4147572,4190613
15380,"Buffalo-Cheektowaga, NY (Metropolitan Statistical Area)",47742427,48989764,49683794,51129401,51702974,54219199,54609533,54887606,54822333,56625348,56141737,57448799,57282893,58193007,59283803,59755667,59929577,61089398,63026922
15500,"Burlington, NC (Metropolitan Statistical Area)",4602420,4832090,4810459,5059473,5064993,5305046,5222975,5202602,4836829,5070433,5178092,5130666,5121617,5111206,5154163,5337591,5382040,5477539,5623983
15540,"Burlington-South Burlington, VT (Metropolitan Statistical Area)",8860830,9105092,9703482,10328596,10451954,10666958,10424172,10965591,10886939,11471535,11745015,11830005,11581999,11638931,11937906,12161461,12306412,12560096,12534416
15680,"California-Lexington Park, MD (Metropolitan Statistical Area)",3936778,4232833,4493914,4692039,4843325,5108171,5221902,5253317,5465575,5890429,6144570,6143524,6081585,6166281,6264838,6390500,6415645,6584760,6806268
15940,"Canton-Massillon, OH (Metropolitan Statistical Area)",14707220,14998972,15024716,15244306,15454950,15111298,14830609,14752083,13781950,14430703,15591933,15196626,16259162,17864045,18337613,18162117,18217547,18545429,18617828
15980,"Cape Coral-Fort Myers, FL (Metropolitan Statistical Area)",16955641,18134567,19799508,22263237,24651124,26415244,25939312,23825667,21862440,21663831,21370029,21681142,21900062,23080681,24291367,25754798,26696396,27417640,28207575
16020,"Cape Girardeau, MO-IL (Metropolitan Statistical Area)",3309524,3402729,3459118,3613892,3781662,3919710,3936036,3954992,3876758,3864302,3841819,3819564,3802787,3799930,3925395,3976297,4002155,4086120,4149013
16060,"Carbondale-Marion, IL (Metropolitan Statistical Area)",4398221,4603192,4635123,4741907,4894401,5192081,5181553,5312169,5315343,5510156,5597218,5622308,5403137,5274764,5249420,5218522,5241716,5421936,5434423
16180,"Carson City, NV (Metropolitan Statistical Area)",2931971,2979968,3037806,3119267,3206879,3289485,3301457,3230552,3215908,3353793,3112948,3090326,3088614,2894890,2959687,2949274,3137237,3232270,3351143
16220,"Casper, WY (Metropolitan Statistical Area)",3155911,3251010,3323946,3549376,3842345,4354007,4458879,4581932,4269147,4462032,4732712,5301661,5402455,5824958,5785662,5224501,5111885,5626913,5602739
16300,"Cedar Rapids, IA (Metropolitan Statistical Area)",10605185,10499267,11252886,12288701,12916863,12854473,13969674,13866591,14277950,15091731,15448883,15285467,15255472,15865640,16674670,16737002,16543568,16963563,16915770
16540,"Chambersburg-Waynesboro, PA (Metropolitan Statistical Area)",4010843,3925774,4209902,4539310,4907871,5241969,5616718,5530696,5142041,5105227,5139072,5085156,5186456,5314379,5355290,5301725,5650634,5762282,5850275
16580,"Champaign-Urbana, IL (Metropolitan Statistical Area)",8624659,8979385,9010030,9156593,9214180,9515999,9720031,10041256,9949971,10346836,10395916,10439597,10794296,10994053,10852035,10737280,10653660,10744785,10733098
16620,"Charleston, WV (Metropolitan Statistical Area)",13728588,13746571,13672972,13569783,13981260,14130417,14043165,13997113,13997468,13715011,13661324,13040081,12782117,12421388,12171180,11940614,11649283,12326275,11794813
16700,"Charleston-North Charleston, SC (Metropolitan Statistical Area)",21574369,22375529,23590509,24929436,26462940,27211893,28195816,28142879,27332914,28402690,29834914,31499192,31355503,32418133,33929793,35690229,36964738,38403896,39547761
16740,"Charlotte-Concord-Gastonia, NC-SC (Metropolitan Statistical Area)",92815426,95125958,99350143,104842398,112368069,119266856,120867307,128017193,117765810,114327414,120387559,127584508,125827155,129446072,134805014,138624671,143827188,148297645,150589392
16820,"Charlottesville, VA (Metropolitan Statistical Area) *",7940523,8074055,8446373,8914768,9419357,9810164,10176929,10243698,10338068,10774065,10808619,11067189,10874020,11023418,11198682,11506227,12008164,12197403,12315889
16860,"Chattanooga, TN-GA (Metropolitan Statistical Area)",20087324,20529324,21124345,22115738,22510406,22898540,22872211,23064877,22078932,22552293,23447722,24182289,24489670,24388620,25071081,25456528,26203808,26702673,27149478
16940,"Cheyenne, WY (Metropolitan Statistical Area)",3618380,3748839,3932319,4099386,4131329,4405211,4916089,5398829,4714789,4749666,4890889,5062378,4940219,4944933,5177058,5032574,5064352,5192640,5272539
16980,"Chicago-Naperville-Elgin, IL-IN-WI (Metropolitan Statistical Area)",514160632,516901567,523536761,537784477,550057167,558927263,565096635,550541308,530774179,538596641,547116021,561292438,563328970,579750876,594766217,596449969,601602146,615470781,618616499
17020,"Chico, CA (Metropolitan Statistical Area)",6597684,7127037,7498389,7677651,7895336,8384016,8271652,7970840,7970924,7956576,7957246,7711583,7921563,7936909,8268655,8781189,9194683,9366983,9897121
17140,"Cincinnati, OH-KY-IN (Metropolitan Statistical Area)",101546596,103908509,105749760,107378249,109780733,109222270,109740620,109249527,105185054,108781498,112272031,113190381,114011795,117043247,120186613,124272438,126548377,129838822,133730544
17300,"Clarksville, TN-KY (Metropolitan Statistical Area)",7575148,8226867,8468895,9150689,9980876,10595076,10333070,10600344,10630678,10926211,11516285,11602283,11313039,11203066,11275027,10884642,10996668,11139831,11289906
17420,"Cleveland, TN (Metropolitan Statistical Area)",3294751,3459453,3446582,3670499,3662430,3711724,3719670,3807648,3741686,3864184,3894409,4375700,4494543,4419735,4570650,4287122,4244060,4326754,4416996
17460,"Cleveland-Elyria, OH (Metropolitan Statistical Area)",105858771,108081137,110725957,113173693,115840592,113929891,114051615,113073346,105249132,106513234,108386008,109364832,109092985,111622905,112027113,112225124,113606467,116646873,118167899
17660,"Coeur d'Alene, ID (Metropolitan Statistical Area)",3487843,3563769,3701207,3936696,4296594,4550090,4779111,4707073,4395261,4564144,4399225,4429773,4648026,4761576,4891847,5127315,5350953,5674115,5789257
17780,"College Station-Bryan, TX (Metropolitan Statistical Area)",7069040,7363934,7604010,7726861,8337718,9137876,10002391,10472845,11300529,10687316,10493992,10573845,11319243,12063070,12817876,12889417,13416085,13857364,14097734
17820,"Colorado Springs, CO (Metropolitan Statistical Area)",24423674,24552772,24798606,25222531,26404968,26881957,27537759,27775574,27819640,28752981,29278103,29405695,29679255,29806428,30355584,30809520,32121120,33113428,34322697
17860,"Columbia, MO (Metropolitan Statistical Area)",6746274,6837074,7051483,7251525,7410844,7544373,7501474,7647289,7613814,7772146,7925943,8137365,8381967,8403652,8523026,8692828,8829174,8970153,9140817
17900,"Columbia, SC (Metropolitan Statistical Area)",28094685,28407837,29309463,30496434,31248800,32349723,33224688,33628885,32807320,32823247,32889623,32628337,33474678,34694881,35780570,36770520,37356902,37990145,38637223
17980,"Columbus, GA-AL (Metropolitan Statistical Area)",11094512,11460922,11495114,11699500,11957384,12321488,12713029,12746416,12899476,13094517,13323926,13440386,13173588,13131617,13267650,12906875,13118991,13458004,13596205
18020,"Columbus, IN (Metropolitan Statistical Area)",3565035,3455565,3630233,3805487,4024959,4469335,4982543,5315074,4395362,5328581,5449761,5881807,6183162,5920651,5776185,5636580,5756521,6078107,6045053
18140,"Columbus, OH (Metropolitan Statistical Area)",85619417,87125732,89318514,92278681,95310078,93693387,94631347,93489152,90529835,93355583,96863869,100756699,103773588,107394111,109355639,111322165,113818015,116225180,117001202
18580,"Corpus Christi, TX (Metropolitan Statistical Area)",17807383,17798833,18636702,20208401,18908901,19266100,20633069,19764496,19463963,20809520,21525025,21248470,21598057,20413304,20411801,20015939,20679080,21545067,21949935
18700,"Corvallis, OR (Metropolitan Statistical Area)",2649729,2695364,2744818,2864739,3012658,3340461,3646583,3827497,3775762,3872168,4022646,3960707,3854539,3828056,3905224,4005422,4216705,4390818,4457457
18880,"Crestview-Fort Walton Beach-Destin, FL (Metropolitan Statistical Area)",8719868,9488968,10337337,11411473,12282897,11965050,11816200,11359064,10885834,10714975,10768907,11307740,11511219,11614934,11961938,12252505,12821169,13234960,13934981
19060,"Cumberland, MD-WV (Metropolitan Statistical Area)",3154416,3208341,3169562,3185347,3217134,3384491,3373452,3413051,3398020,3615865,3631520,3548948,3549466,3501485,3575804,3615242,3609177,3576443,3674605
19100,"Dallas-Fort Worth-Arlington, TX (Metropolitan Statistical Area)",277828347,284972953,287649914,303271642,317728447,335638370,349043975,354118402,342724450,349011892,361324551,374743312,385095956,400172423,419840896,432613158,448957236,464389967,472334266
19140,"Dalton, GA (Metropolitan Statistical Area)",5742638,6008984,6086150,6745941,6981979,6992218,7070750,6688677,6077274,5736250,5780403,5952819,5875506,6037834,6258492,6482851,6436619,6393991,6350119
19180,"Danville, IL (Metropolitan Statistical Area)",2843741,2930599,3056127,3206231,3154964,3391601,3386869,3317219,3139195,3166625,3201096,3278839,3256354,3298664,3182848,3157389,3123501,3147084,3202651
19300,"Daphne-Fairhope-Foley, AL (Metropolitan Statistical Area)",3950240,4148592,4334484,4752933,5241386,5290492,5295745,4999447,4740175,4897798,4934067,5051126,5180403,5258587,5437402,5625966,5754579,6006401,6140514
19340,"Davenport-Moline-Rock Island, IA-IL (Metropolitan Statistical Area)",16825171,16721074,17142130,18171507,18541273,18926400,19307844,19623174,18768180,19224723,19888467,20542006,19940129,20219110,19816740,19364536,19418804,19653928,20022640
19430,"Dayton-Kettering, OH (Metropolitan Statistical Area)",35204248,36204706,36786211,37875401,38087690,38004641,36923356,36008848,34005641,34849749,35909680,35848523,36037704,36366896,36767751,37280433,38082606,39298466,40003761
19460,"Decatur, AL (Metropolitan Statistical Area)",4854315,4813735,5185211,5846893,5465329,5654586,5814972,5601855,5511986,5575218,5403312,5371576,5304881,5302710,5297971,5467656,5468046,5656086,5824699
19500,"Decatur, IL (Metropolitan Statistical Area)",5576617,5582330,5625728,5799316,5882257,6087512,6313444,6727833,6727543,6827647,6859159,6578471,6939802,7190745,7417343,6939925,6483983,6485632,6399861
19660,"Deltona-Daytona Beach-Ormond Beach, FL (Metropolitan Statistical Area)",13096554,14143548,15431587,16445652,17133245,18135944,18213439,17430069,16309064,16164894,15999431,16041930,16059506,16275349,16858847,17597959,18214781,18829924,19285228
19740,"Denver-Aurora-Lakewood, CO (Metropolitan Statistical Area) *",135786268,136125302,136573207,136625510,141837733,142912859,148350208,148108551,143893039,146543910,149064777,153286556,159512528,166353982,175329758,179569310,186462516,194854387,202456263
19780,"Des Moines-West Des Moines, IA (Metropolitan Statistical Area)",28534139,28998667,31442080,34419005,36693640,35600832,39237812,35436757,34630064,35290050,35322988,37615378,36671575,40445437,43501787,45002929,44615459,45302947,45632930
19820,"Detroit-Warren-Dearborn, MI (Metropolitan Statistical Area)",220489931,225370267,229269820,228640367,232553236,224327467,222584319,208061351,185026134,197225821,205503795,212218111,215910918,218496046,222803770,227292727,229815511,235105362,237089292
20020,"Dothan, AL (Metropolitan Statistical Area)",4572451,4823901,4877581,5045270,5151052,5288278,5273604,5102198,4924910,4950865,4938767,4993062,5216341,5263423,5375246,5577968,5739568,5800247,5852663
20100,"Dover, DE (Metropolitan Statistical Area)",5727868,5900897,5970832,6520952,6559633,6852972,6894367,6801855,6956632,6804296,6704085,6494799,6387826,6542711,6769442,6712345,6744896,7018157,7274755
20220,"Dubuque, IA (Metropolitan Statistical Area)",3606714,3785948,3929205,4353372,4645655,4778458,4993094,4681661,4368719,4691708,4749902,5382688,5112288,5618291,5762661,5414101,5571858,5700053,5712534
20260,"Duluth, MN-WI (Metropolitan Statistical Area)",11473486,11977632,12106598,12832073,12997259,13034261,12767834,13165473,12471760,13674117,14143047,13510625,14180943,14259359,12819489,13444250,13652565,14299750,14961822
20500,"Durham-Chapel Hill, NC (Metropolitan Statistical Area)",27550628,28651903,30079594,30546607,32718094,39601764,42232511,43179101,41072934,44169812,44233523,44095759,45226554,44664664,43640553,42774263,43655387,45099151,47168892
20700,"East Stroudsburg, PA (Metropolitan Statistical Area)",4636910,4758933,4713346,5123337,5525979,5746435,6106731,6133248,5932557,6000208,5866369,5690944,5655610,5728012,5914720,6279754,6176459,6144704,6350462
20740,"Eau Claire, WI (Metropolitan Statistical Area)",5295892,5567499,5814494,6126013,6509467,6665715,6840856,6685216,6653357,7050028,7152185,7331709,7351229,7956671,8141251,8095550,8187644,8502893,8612412
20940,"El Centro, CA (Metropolitan Statistical Area)",5099630,6154752,5765542,5601746,6119408,6734211,6572478,7484791,7130243,7015160,7311763,6921213,7300590,7799949,8533302,8598682,8609928,8493669,8980597
21060,"Elizabethtown-Fort Knox, KY (Metropolitan Statistical Area)",4157546,4196123,4314098,4456160,4555490,4812542,4795760,5057799,5034163,5636711,5942995,5678723,5590602,5381664,5181260,5203840,5274978,5276790,5313553
21140,"Elkhart-Goshen, IN (Metropolitan Statistical Area)",7813845,8428001,9242953,9809262,10525388,11233263,11257556,9777601,7210515,9532552,9418462,9622682,10298137,11219226,12152661,13239009,14725690,14834828,14500980
21300,"Elmira, NY (Metropolitan Statistical Area)",3007745,3013155,3048571,3073855,3166207,3257478,3326328,3476704,3456510,3664626,3734403,3719797,3718971,3710270,3630217,3551607,3484253,3549347,3627023
21340,"El Paso, TX (Metropolitan Statistical Area)",19855213,20519923,20666772,21548544,22064476,22769045,23678903,23402155,23868913,25549819,26857157,27365006,26974594,26636616,27010269,27416914,28082316,28874716,29193881
21420,"Enid, OK (Metropolitan Statistical Area)",1967320,2016609,2112176,2173590,2268368,2379245,2540956,2788868,2867003,2991591,3061612,3509256,3627497,4109152,4082565,4364767,3183575,3186594,3201330
21500,"Erie, PA (Metropolitan Statistical Area)",10328605,10249812,10276327,10604380,10991461,11340300,11706937,12469124,11471827,11626690,12107206,11650608,11729516,11234238,11294436,10903803,10657391,10767875,10915678
21660,"Eugene-Springfield, OR (Metropolitan Statistical Area)",11084186,11331637,11555712,12103606,12664356,13402952,13573359,13409254,12556292,12597100,12699371,12757470,12792360,12980087,13745313,14248610,14804557,15228030,15482217
21780,"Evansville, IN-KY (Metropolitan Statistical Area)",14962911,15748077,16283633,17067296,16705802,15671928,15575143,16189089,15482421,15839034,16046194,15744240,15140790,14925126,15047744,15219246,16119202,16544397,17368860
21820,"Fairbanks, AK (Metropolitan Statistical Area) *",5840563,5049318,5074683,5146883,5628500,5813835,5900470,6403944,6247986,6291114,5843051,5559955,5401305,5370140,5274325,5289322,5237071,5317630,5217255
22020,"Fargo, ND-MN (Metropolitan Statistical Area)",7816374,8305418,8735460,9092690,9420872,9758479,10059841,10376332,10149404,10549339,11102496,12012831,11979798,12898357,13134960,12988086,13201480,13443394,13574287
22140,"Farmington, NM (Metropolitan Statistical Area)",6569137,6588630,6485236,6618067,6646939,6877309,7055955,6901531,6979529,6529361,6495052,6407538,6319939,6582526,6863574,6383882,6316120,5846232,5907349
22180,"Fayetteville, NC (Metropolitan Statistical Area)",14606128,15132822,15607171,16282373,17295949,17896223,17872771,18529915,19184731,19633584,19800967,19227947,19025687,18867951,19025592,18884891,18862685,19078206,19297971
22220,"Fayetteville-Springdale-Rogers, AR (Metropolitan Statistical Area)",13347273,14369822,15308398,16800554,17925474,17933907,17346799,17118642,16318065,17227160,17612555,18257207,19474137,20441292,21316461,21899993,23044562,23727377,23863192
22380,"Flagstaff, AZ (Metropolitan Statistical Area)",4891120,4980615,5080111,5281870,5559114,5882508,6303721,6149507,5855268,6087886,6484231,6175325,6435075,6383049,6505982,6624985,7001598,7007523,6764676
22420,"Flint, MI (Metropolitan Statistical Area)",14014006,14788301,15180193,15098331,15222165,15124537,14833504,13465199,12301795,12973258,13158567,13110833,13687756,14000004,14601476,14687136,14662436,14834898,14994994
22500,"Florence, SC (Metropolitan Statistical Area)",7174780,7239435,7450817,7612727,7730566,7980515,8055284,7919844,7649975,7543417,7792210,7814729,8110859,8368983,8698537,8832789,8977245,9057097,9461135
22520,"Florence-Muscle Shoals, AL (Metropolitan Statistical Area)",4129670,4157174,4336726,4569498,4671231,4808569,4733493,4699944,4511376,4701204,4866445,4874126,5169435,4996358,4903182,4755462,4661401,4733145,4818836
22540,"Fond du Lac, WI (Metropolitan Statistical Area)",3667786,3619750,3753503,3954456,4029376,4122549,4156828,4177976,3942363,4147994,4316602,4513009,4570420,4753881,4731295,4660717,4692644,4772639,4903922
22660,"Fort Collins, CO (Metropolitan Statistical Area)",10322415,10965216,11056904,11230966,11456991,11895420,12230229,12556619,12387826,12668463,12812918,13108117,13736743,14395250,15159509,15783607,16970074,17851909,18267696
22900,"Fort Smith, AR-OK (Metropolitan Statistical Area)",7766826,8005585,8400500,8903167,9159835,9591922,9313684,9110161,8416911,8711901,8910804,8742932,8549671,8457034,8437574,8399031,8461086,8577661,8669643
23060,"Fort Wayne, IN (Metropolitan Statistical Area)",15398982,15771993,16437368,16768979,17124660,17765951,18174528,17251121,15899854,16357299,16572384,17299373,17299016,18559930,19386854,19679528,20301090,21026580,21554076
23420,"Fresno, CA (Metropolitan Statistical Area)",28318843,30838478,32987996,34023911,35515358,38282314,37213110,35972799,36015012,36160471,36474446,35315551,36701523,38238734,40049752,41503371,43124599,44264307,46009312
23460,"Gadsden, AL (Metropolitan Statistical Area)",2617259,2666714,2689313,2831850,2831155,2831844,2819335,2819165,2754121,2810206,2828863,2804122,2792996,2783298,2837797,2851486,2873797,2911022,2915965
23540,"Gainesville, FL (Metropolitan Statistical Area)",10246768,10509255,10575706,11467984,11825361,12372846,12958494,12654281,12246653,12160497,11950058,11969561,12031060,12397149,12729492,13074728,13372369,13839886,14203764
23580,"Gainesville, GA (Metropolitan Statistical Area)",6104698,6111714,6359072,6547407,6745556,6957263,7162741,7119972,6716700,6799465,7176599,7181413,7374433,7638413,8102917,8439076,8992129,9365514,9535290
23900,"Gettysburg, PA (Metropolitan Statistical Area)",2610822,2798385,2794663,2830719,2941290,3097178,3098470,3154013,3175463,3142906,3204474,3283602,3304914,3319486,3365157,3426247,3544079,3507548,3540312
24020,"Glens Falls, NY (Metropolitan Statistical Area)",4114479,4202606,4344932,4615618,4597734,4837960,4793839,5038297,5225774,5316961,5237802,5235284,5246501,5321165,5348892,5344378,5451074,5554461,5776777
24140,"Goldsboro, NC (Metropolitan Statistical Area)",4368526,4204784,4092632,4284900,4318521,4530499,4590084,4646850,4613128,4646238,4473515,4440161,4572568,4450074,4471815,4449782,4446427,4517297,4535153
24220,"Grand Forks, ND-MN (Metropolitan Statistical Area)",3483969,3663628,3951210,3826866,3925155,4197463,4223506,4462295,4315305,4433417,4499231,4790062,4804399,4786641,4828948,4948510,5029545,5035525,5013098
24260,"Grand Island, NE (Metropolitan Statistical Area)",2645500,2728439,2903628,2971042,3166050,3338586,3347680,3432558,3474952,3576715,3591517,3702759,3900167,3884111,3868890,3847609,3828907,3860003,3975105
24300,"Grand Junction, CO (Metropolitan Statistical Area)",4344324,4480850,4584713,4694676,4955361,5411164,5959724,6475193,5914234,5644448,5648436,5613515,5508102,5590819,5574567,5508113,5771124,6058926,6214937
24340,"Grand Rapids-Kentwood, MI (Metropolitan Statistical Area)",42904990,44188508,45209764,46281780,47387841,47239485,47100546,45593069,42499532,44161391,45050975,46126270,47090459,48529768,50737954,51944688,53312270,54900621,55050649
24420,"Grants Pass, OR (Metropolitan Statistical Area)",1739587,1832446,1910831,2005429,2110222,2218036,2242580,2130494,2087999,2080235,2068443,2050636,2036975,2113758,2256236,2353071,2490299,2601815,2722587
24500,"Great Falls, MT (Metropolitan Statistical Area)",2788128,2872492,2887941,2995893,3189143,3235892,3258819,3210781,3189800,3330938,3375654,3338991,3281758,3330962,3449120,3397112,3468603,3586088,3635635
24540,"Greeley, CO (Metropolitan Statistical Area) *",7455086,7363769,7582723,8113172,8717855,9156681,9486162,10049160,10231444,10506663,10875082,11937442,13274667,15721821,17370092,17930270,19024541,21311885,22020305
24580,"Green Bay, WI (Metropolitan Statistical Area)",13876708,14185574,14648629,15096395,15402536,15672898,15766679,15723792,15215058,15976164,16186952,16667392,16449648,17666867,18176621,18440805,18303168,18946740,19113333
24660,"Greensboro-High Point, NC (Metropolitan Statistical Area)",34727210,35647493,35487716,35067875,35853877,37413322,37371415,38023200,36991243,37510472,38203333,36330375,37162855,37258215,38398474,37659867,37649615,37885426,38579779
24780,"Greenville, NC (Metropolitan Statistical Area)",5599696,5573911,5527687,5697184,6130077,6719723,7003830,7086689,7147469,7263578,7447263,7293228,7706258,7989867,8626802,8577751,8544025,8476606,8645832
24860,"Greenville-Anderson, SC (Metropolitan Statistical Area)",31948542,33381540,34456135,31474403,31605930,31743978,32831105,33014944,31137711,31992388,33469202,33729187,34916887,36099738,37608933,38648390,39796155,41391650,42439987
25060,"Gulfport-Biloxi, MS (Metropolitan Statistical Area)",14650482,14608598,15729708,15645045,16132379,16683934,22433986,19859737,18327299,18283522,17290016,17226482,15850190,16668527,16303697,16524868,16718033,16926113,17124941
25180,"Hagerstown-Martinsburg, MD-WV (Metropolitan Statistical Area)",7552504,7814751,7988047,8444734,8794761,9409832,9347663,9272432,8996899,9140785,9335075,9368464,9433798,9568508,9658722,9915947,10181106,10280020,10377372
25220,"Hammond, LA (Metropolitan Statistical Area)",2457505,2555043,2761697,3014730,3354774,3879876,3718947,3830062,3584676,3781303,4217912,3820182,3537393,3513493,3353454,3431207,3669001,3692765,3826831
25260,"Hanford-Corcoran, CA (Metropolitan Statistical Area)",4291472,4604938,5103026,5376357,5648585,5478862,6209700,5610367,5125839,5204292,5855932,5378069,5420503,5905170,5866278,5927002,6140324,6250134,6609432
25420,"Harrisburg-Carlisle, PA (Metropolitan Statistical Area)",27304002,27931585,28856051,29933929,30280959,30950429,31582607,31609517,30791723,31113267,31769342,32261002,32784049,33718922,34749048,34652808,34746454,35398421,36226869
25500,"Harrisonburg, VA (Metropolitan Statistical Area) *",7122203,6236638,6181491,6313525,6720123,6850373,6867077,6774609,7074643,7445935,7498251,7660530,7783028,7534188,7324069,7090871,7114362,7215973,7194035
25540,"Hartford-East Hartford-Middletown, CT (Metropolitan Statistical Area)",75274285,72468242,74328518,80172274,81759642,85480773,90243888,89165768,87844018,87661336,87348937,87551688,83934865,85954501,91264951,91664988,93091917,92930643,93534792
25620,"Hattiesburg, MS (Metropolitan Statistical Area)",4412828,4552574,4758121,4951173,5142528,5420833,5212174,5537290,5484230,5559188,5495742,5595899,5608518,5563363,5610139,5542166,5629927,5645971,5602213
25860,"Hickory-Lenoir-Morganton, NC (Metropolitan Statistical Area)",13451428,13505035,13176051,13660905,13643048,14100487,13721871,13286131,12541487,13072117,13063915,12705483,12787924,12857344,13254586,13466148,13714286,13884041,14074661
25940,"Hilton Head Island-Bluffton, SC (Metropolitan Statistical Area)",5992857,6010832,6370090,6837853,7241715,7079610,7175312,7016210,6648916,6540656,6527640,6567337,6777395,6939785,7198610,7354509,7394640,7599138,7867776
25980,"Hinesville, GA (Metropolitan Statistical Area)",2400833,2473206,2681232,2819648,2996214,3058490,3198003,3462609,3485837,3660485,3810611,3712036,3623841,3462751,3401565,3326703,3310782,3333487,3304980
26140,"Homosassa Springs, FL (Metropolitan Statistical Area)",3407590,3505951,3598642,3812135,3976821,4471967,4510086,4312021,3911469,3645917,3528839,3531658,3512288,3436689,3356086,3368240,3366705,3456006,3879314
26300,"Hot Springs, AR (Metropolitan Statistical Area)",2526409,2616463,2690752,2758684,2842809,2848768,2792206,2746592,2661167,2772903,2979170,2894331,2871604,2870763,2909994,2904121,2957626,2992759,3031464
26380,"Houma-Thibodaux, LA (Metropolitan Statistical Area)",10349371,9955192,9483175,9345611,9630757,11249808,11383626,11221476,11284221,10943641,10485059,10690748,10990203,11216437,10201883,8959950,8714124,8964394,9159201
26420,"Houston-The Woodlands-Sugar Land, TX (Metropolitan Statistical Area)",296052090,293923047,294264637,319613505,324038539,345987159,374570884,367486021,363882537,378717190,388117411,402853150,421244197,427612288,453757808,445886854,451899168,463517102,472104254
26580,"Huntington-Ashland, WV-KY-OH (Metropolitan Statistical Area)",12399104,12640703,12832958,13227579,13338805,13558299,13477290,14091181,14113400,13906154,13742182,14447116,15573564,14889331,14853720,14374963,14466304,15042987,15385200
26620,"Huntsville, AL (Metropolitan Statistical Area)",15135774,15774917,16565658,17803635,18715021,19507170,20155469,20836183,21101778,22079769,22465903,22519204,22800141,22946926,23339564,23935101,24599199,25402021,26243892
26820,"Idaho Falls, ID (Metropolitan Statistical Area)",4159450,4425752,4431265,4632237,4797282,5272733,5342982,5404139,5422193,5383437,5332403,5328071,5436840,5482820,5821525,6047765,6459932,6873624,7102495
26900,"Indianapolis-Carmel-Anderson, IN (Metropolitan Statistical Area)",95060643,96209119,99280274,104566797,105259502,106888635,110436410,113659331,110465068,114028458,114000078,113206365,115863137,118495280,115487497,117579705,119098293,123441866,126096448
26980,"Iowa City, IA (Metropolitan Statistical Area)",6443506,6677509,6777424,7061860,7139628,7422615,7454847,7784386,7740008,8008795,8318534,8393701,8677723,8888733,8834529,8979558,9256041,9440753,9243394
27060,"Ithaca, NY (Metropolitan Statistical Area)",4415073,4580098,4791505,4895194,4895921,5002656,4976419,5210252,5278601,5471559,5401119,5396234,5390487,5322015,5369775,5408494,5448110,5530432,5495122
27100,"Jackson, MI (Metropolitan Statistical Area)",4908596,5070697,5047025,5176225,5262569,5272399,5251121,4996577,4611359,4849850,5032443,5076488,5153794,5061566,5172933,5342262,5455663,5610800,5684311
27140,"Jackson, MS (Metropolitan Statistical Area)",21107567,21583123,22305014,22902203,23315559,23668516,22893266,24069423,23149118,23513766,23617542,23687697,24257112,24588497,24715229,24563022,24551557,24597375,24577764
27180,"Jackson, TN (Metropolitan Statistical Area)",6401180,6363617,6500059,6651793,6763914,7000701,6860335,7014035,7056868,7515663,8070569,7167476,7189098,7057081,7190808,7324634,7524910,7710601,7797663
27260,"Jacksonville, FL (Metropolitan Statistical Area)",53264094,54813787,57614644,60162209,62891928,65758586,66162414,63660831,60308550,60507591,59822120,60551163,61781580,63210158,65944262,68037358,70851053,73616490,75768093
27340,"Jacksonville, NC (Metropolitan Statistical Area)",5268515,5127532,5342009,5812160,6196251,6412988,6859485,7531140,8071635,8457347,8406579,8264440,8059586,7903341,7749285,8127873,7955846,8073168,8030430
27500,"Janesville-Beloit, WI (Metropolitan Statistical Area)",5354978,5966484,6055316,6183580,6111750,6521350,6409013,6087367,5646914,5841307,5930837,6046789,6267463,6104144,6238887,6308225,6313993,6684674,6919350
27620,"Jefferson City, MO (Metropolitan Statistical Area)",5797633,5794305,5943743,6121890,6196612,6455576,6438316,6657170,6511474,6641132,6657012,6635599,6716577,6873609,7079738,7031136,6879020,7021036,7053061
27740,"Johnson City, TN (Metropolitan Statistical Area)",5196612,5346970,5590823,5997219,6091192,6325812,6409680,6535037,6355860,6209667,6395722,6509497,6459733,6317483,6602021,6474846,6620857,6788712,6902865
27780,"Johnstown, PA (Metropolitan Statistical Area)",4494200,4403471,4473352,4489172,4563586,4634595,4707085,4821627,4725459,4799389,4813526,4754020,4725107,4632894,4575415,4468711,4439396,4486016,4604267
27860,"Jonesboro, AR (Metropolitan Statistical Area)",3361433,3501724,3804356,3996326,4155881,4169571,3978968,4066001,4088643,4308826,4394681,4324331,4483687,4325085,4439592,4487271,4670303,4769861,4846915
27900,"Joplin, MO (Metropolitan Statistical Area)",5994347,6004815,6134422,6334563,6436797,6594477,6559830,6751608,6455633,6626999,6596029,6609592,6603189,6639530,6951445,6895200,6900843,7089459,7151877
27980,"Kahului-Wailuku-Lahaina, HI (Metropolitan Statistical Area)",5899577,6238895,6768516,7490273,8288008,9055619,9228367,8793911,8015445,8288087,8605141,8760470,8691871,8725857,8109848,8893249,8909981,9239666,9328861
28020,"Kalamazoo-Portage, MI (Metropolitan Statistical Area)",10752291,11508067,11496115,11501874,11365453,11220613,11383209,11037012,10789835,10903074,10863854,10899178,11045602,11019680,11422196,11688699,12181110,12622520,12819078
28100,"Kankakee, IL (Metropolitan Statistical Area)",3527783,3635549,3688899,3783909,3760944,4005957,4031685,4101430,4114227,4196973,4206900,4387623,4327627,4478512,4616795,4941688,5351755,5475554,5608505
28140,"Kansas City, MO-KS (Metropolitan Statistical Area)",92672054,94804125,96403966,98031309,100773544,102709518,105374627,108642700,105062631,104618982,104848112,108118224,109406280,112605722,115529243,116075869,119439839,122027912,123267766
28420,"Kennewick-Richland, WA (Metropolitan Statistical Area)",8985396,9657806,9721745,9921130,10447360,11046235,11166818,11232034,11845271,12995906,12677394,12168299,12177460,12428221,13057163,13684991,13919733,14590499,15155407
28660,"Killeen-Temple, TX (Metropolitan Statistical Area)",11049648,11452263,11996684,12479630,13393999,14567588,15326951,16269396,16441523,16353021,16653359,16487817,16051672,15955543,16562838,16182101,16492920,16795477,17046602
28700,"Kingsport-Bristol, TN-VA (Metropolitan Statistical Area) *",10448197,10460421,10604633,11336200,11087216,11835432,11992418,11949011,11696354,11789084,12046790,12103196,11956934,11522818,11719961,11818517,12137488,12372823,12387387
28740,"Kingston, NY (Metropolitan Statistical Area)",4987276,5091626,5261192,5431810,5501386,5925883,5905943,6018907,5992772,6107287,6069926,6121761,6115223,6087960,6089199,6144070,6261230,6404599,6546138
28940,"Knoxville, TN (Metropolitan Statistical Area)",28091868,29585239,30728019,32415679,33347464,34149297,34068993,34583577,33000165,33298942,34483977,34801104,34953040,35399479,36409104,37296223,38245873,39345127,39783704
29020,"Kokomo, IN (Metropolitan Statistical Area)",3294395,3706469,4296304,4079611,3981421,4168825,4335029,3890925,2621064,4134453,4253227,4432599,4479282,4314187,4018950,3908923,3801652,3869901,3954647
29100,"La Crosse-Onalaska, WI-MN (Metropolitan Statistical Area)",5175570,5242461,5432745,5583155,5749580,5799108,5868492,5984785,6032277,6270888,6408125,6439288,6718357,7253502,7456137,6988551,7193077,7387781,7432876
29180,"Lafayette, LA (Metropolitan Statistical Area)",19986733,18902004,18583332,18918754,19420623,22206852,21893365,22477194,22250502,22424276,22643066,23437069,23033883,23098186,21488959,19539948,19497982,20064836,20368363
29200,"Lafayette-West Lafayette, IN (Metropolitan Statistical Area)",7036179,7215558,7472097,7719606,7904047,8329052,8584368,8518630,7738581,8236977,8427743,8367017,8718047,8982612,9056644,9478398,9909190,10338592,10411399
29340,"Lake Charles, LA (Metropolitan Statistical Area)",14798540,15755923,18669180,20246890,24211095,20685476,17429614,15343345,13014944,11839012,14123813,13590841,11754464,12189371,12303621,13207233,15546744,16435595,16984189
29420,"Lake Havasu City-Kingman, AZ (Metropolitan Statistical Area)",3777452,4138328,4269872,4596645,4878336,5187207,5309787,5047588,4648713,4613207,4564357,4514684,4625944,4722615,4785447,4908489,4815143,4943977,5200986
29460,"Lakeland-Winter Haven, FL (Metropolitan Statistical Area)",17189931,17760636,18287832,19079234,20218745,21591953,21832904,21179330,19795255,19851161,19782847,19954944,20364272,20145950,21234758,21986198,23185714,23982821,24837880
29540,"Lancaster, PA (Metropolitan Statistical Area)",21525267,21851005,22324076,22827285,23276492,23577032,23447506,23243014,22419598,23190057,22916906,22823237,23225198,23961781,25087738,25173857,26048456,26820073,26881438
29620,"Lansing-East Lansing, MI (Metropolitan Statistical Area)",21347475,21927790,22119683,22079750,22485058,22650340,22665119,21301371,19949951,21290297,20975110,20592484,20632262,21024771,21928271,22755234,23161176,23609661,23837397
29700,"Laredo, TX (Metropolitan Statistical Area)",7851827,8158391,8055907,7833132,8097743,8256837,8143607,7766781,7823720,7932259,8755539,9321353,9859196,11329690,12504057,12412815,12529977,12074896,12348848
29740,"Las Cruces, NM (Metropolitan Statistical Area)",4979170,5174310,5567367,5918244,6415075,6459330,6518946,6455893,6781339,6928660,6692819,6425357,6305367,6413345,6533356,6658640,6629500,6733016,6858097
29820,"Las Vegas-Henderson-Paradise, NV (Metropolitan Statistical Area)",73030331,76116135,79884420,89708753,98854026,103050913,103291316,98989974,89729421,89235263,90428439,88973895,90295309,91893894,96158335,98494965,101129289,107500238,110102880
29940,"Lawrence, KS (Metropolitan Statistical Area)",3713829,3803929,3745959,3796049,3779382,3753565,3788079,3972689,3931245,3894424,3951310,3961653,4026398,4115375,4184458,4306864,4402779,4503452,4455949
30020,"Lawton, OK (Metropolitan Statistical Area)",3734117,3885505,4177752,4351465,4275038,4482683,4539007,4713569,4882584,5087602,4968532,4744225,4752621,4741750,4897477,4785088,4632912,4627121,4684678
30140,"Lebanon, PA (Metropolitan Statistical Area)",3833512,3925289,4124219,4339126,4359812,4590657,4716378,4697725,4717744,4898013,5004934,5117103,5094003,5245089,5296667,5284390,5439627,5569868,5651715
30300,"Lewiston, ID-WA (Metropolitan Statistical Area)",2075866,2101058,2122336,2152457,2182735,2270983,2307992,2349041,2303187,2357245,2323682,2334357,2393802,2393443,2459738,2536663,2588086,2659400,2723451
30340,"Lewiston-Auburn, ME (Metropolitan Statistical Area)",3478103,3755498,3868368,3938499,3887078,3993481,4095101,4186297,4044581,3972403,3954795,4045408,4011942,4045055,4118983,4168754,4131654,4256656,4317875
30460,"Lexington-Fayette, KY (Metropolitan Statistical Area)",19389010,20338454,20627358,21430623,22384485,23154612,23273171,22867147,21173192,22083391,22244980,22659845,23603940,24308703,25362603,25959347,26030787,26402432,26818596
30620,"Lima, OH (Metropolitan Statistical Area)",5640601,5935419,5975297,6154252,6115208,6151671,5992481,5929397,7106747,7453298,7644883,7246283,6919491,7581401,7467197,7666519,7523707,7775161,7920377
30700,"Lincoln, NE (Metropolitan Statistical Area)",13255227,13348390,13860820,14014164,14582851,14906541,15172395,14715758,14439742,14842114,14952445,15077939,15115761,15714510,16159412,16426623,17370726,17587029,17925555
30780,"Little Rock-North Little Rock-Conway, AR (Metropolitan Statistical Area)",26595965,27325016,28529955,29490015,31038936,31692889,32528233,32162006,31321010,31142341,31667187,31669228,31918869,32042048,32506496,32601311,32728421,33228850,33523349
30860,"Logan, UT-ID (Metropolitan Statistical Area)",2922557,2930892,3111938,3255473,3272521,3518316,3723887,3936725,4044862,4332147,4466957,4234681,4299478,4453507,4624461,4832623,5091259,5367545,5507267
30980,"Longview, TX (Metropolitan Statistical Area)",12383895,12799389,12628829,12904211,13724185,15078692,16521701,17537694,18395545,17226939,16308442,16326142,16141226,16044508,15423394,14681166,14875722,15562543,15985523
31020,"Longview, WA (Metropolitan Statistical Area)",3307636,3224407,3365370,3421905,3594780,3841581,4076938,3925961,3820637,4140538,4011261,4126962,4243718,4239704,4318712,4340772,4481612,4710101,4925417
31080,"Los Angeles-Long Beach-Anaheim, CA (Metropolitan Statistical Area)",642548310,660139140,694565445,722871829,749845675,773376040,777110906,781357609,742587652,760005079,771890518,786045530,804143045,830697622,869758381,889800658,922010850,937166561,960249652
31140,"Louisville/Jefferson County, KY-IN (Metropolitan Statistical Area)",51048034,51291173,52601422,54240664,55794172,57293303,57222110,56449441,53438491,55976671,56833849,58762658,58919459,59580565,61240490,62631366,62509298,63551470,64568844
31180,"Lubbock, TX (Metropolitan Statistical Area)",9192887,9383952,9500596,9831263,10198368,10665765,10825348,10697210,10747105,11314876,11114378,11538264,11992429,11934631,12206998,12479451,12734840,13064236,13165348
31340,"Lynchburg, VA (Metropolitan Statistical Area) *",8286743,8407513,8814594,9012697,9212969,9729656,9682719,9627578,9660310,9935682,9784454,9449070,9424661,9366724,9359681,9321560,9426202,9606241,9741396
31420,"Macon-Bibb County, GA (Metropolitan Statistical Area)",10102632,10078232,9845967,10132445,10018100,10060342,9847311,9944665,9672082,9740885,9909427,9942071,9946904,9969675,10082570,10043341,10135257,10531290,10486134
31460,"Madera, CA (Metropolitan Statistical Area)",3288405,3721882,3852624,4467024,4797976,5187705,5168564,5028567,4415491,5061629,5097178,5289625,5375893,5774041,5623485,6169099,6333400,6456568,6740169
31540,"Madison, WI (Metropolitan Statistical Area)",29927286,30963775,31994702,33430528,34861030,34888082,35603760,35001340,34529168,35575807,36696033,37514414,38052324,39390210,41052115,42429357,43239176,45140153,46326963
31700,"Manchester-Nashua, NH (Metropolitan Statistical Area)",17531682,18263604,19774158,20517473,21045506,21207180,21508842,21398181,21172128,21437294,22006293,22197889,22414079,22753062,23666722,24296142,24630280,25408664,25687589
31740,"Manhattan, KS (Metropolitan Statistical Area)",4736712,4751943,4941152,5154113,5294528,5723124,6170954,6522302,6494837,6834597,7085760,6986728,6723114,6511752,6624326,6413865,6326800,6277240,6120597
31860,"Mankato, MN (Metropolitan Statistical Area)",3705004,3890538,3878891,4146105,4313810,4682079,4569990,4626717,4438097,4621055,4764679,4916498,5036414,5234515,5247753,5174281,5230819,5346623,5444798
31900,"Mansfield, OH (Metropolitan Statistical Area)",4449029,4646937,4682395,4859336,4941526,4937141,4698875,4544755,3918986,4118404,4271883,4295397,4283650,4354147,4252361,4241523,4270441,4355571,4370872
32580,"McAllen-Edinburg-Mission, TX (Metropolitan Statistical Area)",14220577,15115830,15464552,15635637,16033840,16877170,17724190,17360817,17295252,17236434,17478550,17605754,18293565,18510963,18671681,18796868,19046018,19421294,19766430
32780,"Medford, OR (Metropolitan Statistical Area)",6017248,6298472,6495096,6781244,6888745,7243824,7415216,7316342,7030872,6821976,6816227,6687692,6916166,7087077,7440013,7766832,8138373,8381034,8612882
32820,"Memphis, TN-MS-AR (Metropolitan Statistical Area)",62290308,63282627,64036595,65391012,66286520,66315326,64870218,64412140,61822453,61924855,62446787,64189227,64536096,63952808,65291697,66146644,66966148,68306485,68352723
32900,"Merced, CA (Metropolitan Statistical Area)",5953206,6338754,6940471,7621074,7972700,8204961,9055805,8024078,7571828,7602694,7928274,7704366,8066818,9021104,9196534,9264060,9941052,9918371,10383485
33100,"Miami-Fort Lauderdale-Pompano Beach, FL (Metropolitan Statistical Area)",227330480,235551486,243706300,256710794,273400152,277877520,275981507,264868591,249459910,256952064,257241258,257307873,264714315,274142220,286750310,297035334,309116994,321547437,327129154
33140,"Michigan City-La Porte, IN (Metropolitan Statistical Area)",3844889,3840045,3836871,3980670,3902054,3996394,4056590,4086793,3735138,3890264,3834329,3843139,3869272,3988002,3839511,3830372,3833253,3864949,3893649
33220,"Midland, MI (Metropolitan Statistical Area)",4609804,4750083,4521495,4751754,4243389,4308574,4344595,4178452,3916276,4097362,4156407,4238986,4166375,4768830,5197276,4844818,4815909,4987281,4962643
33260,"Midland, TX (Metropolitan Statistical Area)",6631887,6810608,6525925,6867827,7294317,8559156,9513906,10518099,11312185,12309268,14362513,18103500,18701868,20288374,22499511,23191268,27110742,34028279,40381782
33340,"Milwaukee-Waukesha, WI (Metropolitan Statistical Area)",78827600,79095473,81366961,82969372,85524215,86785840,87246232,86177706,83439885,85467397,87323023,87643471,87470489,87851620,89138473,89788022,90440089,93081841,93888193
33460,"Minneapolis-St. Paul-Bloomington, MN-WI (Metropolitan Statistical Area)",176531611,178794008,187734451,195616116,201780678,198830318,200696979,200563248,193187637,198971102,204077654,207295506,212289346,220875960,224961367,228623444,233364211,240704552,242537142
33540,"Missoula, MT (Metropolitan Statistical Area)",3599173,3758155,3874935,3976772,4057113,4138286,4275905,4400060,4377369,4299903,4362297,4316975,4312252,4350465,4520150,4644828,4910015,5031347,5042539
33660,"Mobile, AL (Metropolitan Statistical Area)",15395609,15486005,15651980,16155458,16750654,17762253,17917731,18055814,17985864,18232105,18606545,18396616,18504352,18549262,18433272,18729234,18639737,18970993,19274263
33700,"Modesto, CA (Metropolitan Statistical Area)",15731239,16388955,17135040,18200104,18867011,19832691,19492907,18886479,18432450,18372348,18456621,18237533,18523631,19892824,20743866,21218252,22236701,22846927,23715709
33740,"Monroe, LA (Metropolitan Statistical Area)",6452972,6915138,7089721,7454852,7771910,7821724,6888267,6678385,7115665,7213673,6984165,7087826,7469514,7598264,7827667,7853801,7700386,7883740,7759597
33780,"Monroe, MI (Metropolitan Statistical Area)",5298742,5577721,5701148,5595695,5600176,5780789,5759918,5455214,5054300,5340017,5386929,5236050,5413229,5377061,5341060,5428402,5400947,5308843,5387072
33860,"Montgomery, AL (Metropolitan Statistical Area)",13531190,13813084,14169636,14810601,15294239,15718387,15620760,15442646,14947655,15359375,15560406,15589527,15606680,15405108,15718263,16013817,15932977,16031416,16178299
34060,"Morgantown, WV (Metropolitan Statistical Area)",4595702,4724736,4806857,5050905,5328458,5369426,5379649,5548118,5821999,6203715,6226769,6248730,6629308,6617201,6814616,6778850,6815451,6793100,6809819
34100,"Morristown, TN (Metropolitan Statistical Area)",3725856,3734039,3740584,3895470,3883678,4075087,4115537,4007384,3681418,3999779,4041867,4174263,4214940,4289912,4371227,4385286,4408139,4473722,4581790
34580,"Mount Vernon-Anacortes, WA (Metropolitan Statistical Area)",5168118,6207713,5936429,5562029,6787918,6426654,6594837,6697584,6884647,6898445,5701954,5563534,5906939,6189305,7201294,7115196,7195638,7544214,7765443
34620,"Muncie, IN (Metropolitan Statistical Area)",4201327,4177090,4289297,4177138,4109308,4180947,3989733,3907514,3745898,4036730,4306457,3590380,3636389,3642381,3635946,3609909,3673798,3683385,3759995
34740,"Muskegon, MI (Metropolitan Statistical Area)",5339934,5424069,5411470,5460086,5533752,5576889,5535586,5383224,5115796,5286277,5355020,5505489,5657785,5743566,5851129,5798477,5805565,5875921,5857270
34820,"Myrtle Beach-Conway-North Myrtle Beach, SC-NC (Metropolitan Statistical Area)",11007160,11213576,11731741,12509201,13465835,13242511,13381561,12850804,12137829,12247057,12449797,12379683,12773930,13331789,13690957,14219487,14945510,15326111,15830582
34900,"Napa, CA (Metropolitan Statistical Area)",7286673,7632484,7709317,7591166,7976391,8186705,8366979,8234240,7932267,7773284,7783462,8162828,8524328,9074870,9601120,9757363,9973528,10053421,10283597
34940,"Naples-Marco Island, FL (Metropolitan Statistical Area)",11922179,12488878,13061765,13630654,15069930,15263926,14918400,13489351,12318846,12584544,12461808,12445984,12703912,13459897,14306165,14907455,15159917,15760820,16351772
34980,"Nashville-Davidson--Murfreesboro--Franklin, TN (Metropolitan Statistical Area)",67201541,69817358,73207399,77772190,80384684,83511191,83218897,86654928,84775845,86093591,89180666,94197647,96316605,100919343,107697457,110936470,114605524,118459765,121217044
35100,"New Bern, NC (Metropolitan Statistical Area)",4292250,4225219,4406045,4587653,4908520,5000115,5170767,5085237,4950525,5077280,4984125,4929373,5130300,5290268,5275812,4916340,4882521,4936064,5120466
35300,"New Haven-Milford, CT (Metropolitan Statistical Area)",41623140,42857340,42888389,45841773,46384669,47986658,48181888,48523553,46558846,47045212,46524722,45430748,45589018,45167293,45695979,46341650,46678888,47660112,48368218
35380,"New Orleans-Metairie, LA (Metropolitan Statistical Area)",73323839,74972131,78750058,81031550,83716091,78703396,82597719,86420573,85837229,92807472,70812194,71495323,68882346,69962259,70442676,70553362,73959817,74913492,77290815
35620,"New York-Newark-Jersey City, NY-NJ-PA (Metropolitan Statistical Area)",1204161692,1198047066,1201827083,1228205867,1266533467,1291805489,1299845929,1272070627,1300130723,1343980498,1344866588,1401401443,1409970761,1429858861,1459525537,1488016221,1511894815,1555852330,1573857186
35660,"Niles, MI (Metropolitan Statistical Area)",6225448,6372993,6461508,6645706,6478549,6743158,7032030,6565682,5739190,6346442,6392430,6361561,6449195,6490570,6621927,6906095,7232466,7140383,7043241
35840,"North Port-Sarasota-Bradenton, FL (Metropolitan Statistical Area)",21230999,22916778,24129488,26440548,29055059,30159255,28963322,26492957,24690149,24101823,24087177,23827062,24469175,25624030,27369164,28245478,29127464,30691679,31736122
35980,"Norwich-New London, CT (Metropolitan Statistical Area)",14405672,15129205,15993832,17728144,18385202,19546952,20885855,19319373,17174120,17023248,16842000,16724747,17137757,16115953,16560910,16544548,17283228,17217959,17344547
36100,"Ocala, FL (Metropolitan Statistical Area)",6469749,6735884,7170427,7584608,8255006,9259420,9371936,9113941,8220019,8085782,7892456,7794834,7840622,7916337,8133458,8617249,8679939,8961733,9331478
36140,"Ocean City, NJ (Metropolitan Statistical Area)",4391060,4603679,4830743,5031323,5187198,5251735,5170042,4992224,4815325,4881147,4854090,4832108,4839162,4882516,4867481,4855459,4800878,4735556,5070716
36220,"Odessa, TX (Metropolitan Statistical Area)",5650753,6059750,5780286,5997128,6150802,7207110,7958243,8631257,8863813,9363163,10917705,12860156,13033780,13145693,11652612,10231223,11096444,12984788,13450355
36260,"Ogden-Clearfield, UT (Metropolitan Statistical Area)",16508760,16951048,17319447,17717683,18648814,20481215,21148330,20953548,20976443,21200078,21291610,21006614,21856412,22092635,22724329,23771425,25229694,26102701,27150236
36420,"Oklahoma City, OK (Metropolitan Statistical Area)",45169892,46025396,47641321,49551633,51920071,55352416,55565310,59452330,60727248,60521146,62778103,66628928,69128384,72107701,76978757,75905375,76091701,78390780,79297922
36500,"Olympia-Lacey-Tumwater, WA (Metropolitan Statistical Area)",8542273,8656917,8785676,8870858,9236818,9722813,10278261,10587358,10260695,10294803,10127912,10220416,10396233,10657313,10642028,11203002,11685956,12486025,12795113
36540,"Omaha-Council Bluffs, NE-IA (Metropolitan Statistical Area)",38514227,39601265,41184302,43053104,44199346,45123499,46303755,46261573,46427444,47788540,50201637,50840066,49688080,52315529,53922180,53749149,56260818,56530708,57996493
36740,"Orlando-Kissimmee-Sanford, FL (Metropolitan Statistical Area)",82037190,85203051,89409610,94757755,102118440,103950235,105373130,102483139,95630778,96455205,96478724,98829025,101555170,105288748,110635601,115044303,120014858,125336112,128416036
36780,"Oshkosh-Neenah, WI (Metropolitan Statistical Area)",7795485,8534295,8593061,8705378,8786671,8917297,8910545,8732363,8536803,8745031,8860711,8972614,8876242,8981501,8994794,9266304,9257547,9484146,9725443
36980,"Owensboro, KY (Metropolitan Statistical Area)",4207090,4462070,4687461,4679216,4674894,4896397,4741184,4958382,4848120,5069779,5124658,5112924,5385329,5310119,5315930,5297749,5290622,5365319,5417119
37100,"Oxnard-Thousand Oaks-Ventura, CA (Metropolitan Statistical Area)",36573401,37573574,40041633,44211345,46426801,52305789,55780586,50805895,50054400,49497320,46541968,45711791,46497137,46548886,47061044,46984812,46651726,47162680,48496595
37340,"Palm Bay-Melbourne-Titusville, FL (Metropolitan Statistical Area)",14929383,15397239,16357570,17897801,19199964,20482405,21551277,21687153,20499410,20503055,19817996,19230474,19455257,19849555,20662334,21364647,22339363,23299546,24619760
37460,"Panama City, FL (Metropolitan Statistical Area)",5671630,6020569,6295310,6847295,7353302,7691754,7605081,7549651,7309258,7201176,7051234,6966927,7029383,7192786,7349975,7457630,7553218,7716270,7772152
37620,"Parkersburg-Vienna, WV (Metropolitan Statistical Area)",3444702,3571847,3566769,3563568,3527743,3709516,3540019,3594537,3697819,3624196,3608036,3542906,3395782,3372299,3328317,3238277,3193605,3215815,3252582
37860,"Pensacola-Ferry Pass-Brent, FL (Metropolitan Statistical Area)",14111486,14328901,14804239,15429677,16004899,17038747,16997058,16530276,16014369,16124168,16243225,16263473,16416099,16477470,17139568,17403531,17679091,18202880,19066380
37900,"Peoria, IL (Metropolitan Statistical Area)",17198210,17111312,17437514,18128790,19009762,20562143,21611241,21994201,21448736,23253826,26224189,29086983,24931234,24314179,22296466,21088265,20272936,20835439,20426147
37980,"Philadelphia-Camden-Wilmington, PA-NJ-DE-MD (Metropolitan Statistical Area)",307643348,309999515,323249073,336224288,339246392,341404985,352706013,359897412,348184288,354539138,357108791,365407564,367719017,376396673,383847586,387978856,385818977,392231712,401231953
38060,"Phoenix-Mesa-Chandler, AZ (Metropolitan Statistical Area)",149882399,155181325,165897176,174442631,189815863,199998950,204387099,198045648,180351611,181320891,186580981,192596109,194098740,198201063,205614494,212664524,220056085,229977451,237472532
38220,"Pine Bluff, AR (Metropolitan Statistical Area)",3593453,3566394,3697762,3857275,3843624,3892079,3701636,3731525,3648317,3749597,3680444,3711708,3809317,3593430,3441134,3404415,3334535,3312183,3259256
38300,"Pittsburgh, PA (Metropolitan Statistical Area)",106180289,107431072,109905712,111898107,112755319,112365545,114893755,117906651,115961922,120786500,123583254,125266021,127199187,130278971,134519581,134470638,137423054,142471157,145529947
38340,"Pittsfield, MA (Metropolitan Statistical Area)",5685992,5859461,5770881,5905187,6056290,6168250,6095519,6114911,6020411,6112089,6218735,6486552,6506206,6636736,6626752,6520799,6381763,6523352,6649401
38540,"Pocatello, ID (Metropolitan Statistical Area)",2720929,2581736,2601184,2780406,2943132,3019195,3048179,3131651,3008230,2978513,2964416,2954902,2931252,2878388,2931513,2945227,3032732,3141168,3229635
38860,"Portland-South Portland, ME (Metropolitan Statistical Area)",22658396,22924347,23843442,24880486,24943559,24917615,24816048,25003576,24749451,25091338,25001951,25074706,24822011,25549783,25941233,26696255,27447730,28328330,28785438
38900,"Portland-Vancouver-Hillsboro, OR-WA (Metropolitan Statistical Area)",87364801,88334703,93756144,99619322,104062513,109118115,111941296,116509342,111002002,113419312,117599920,119339378,120189623,124561939,131443883,137861680,144514430,152388498,156663199
38940,"Port St. Lucie, FL (Metropolitan Statistical Area)",10567746,11095055,11450946,12622245,13953018,14944221,15064766,14277685,13639874,13552847,13266287,13416380,13489517,13441136,13983665,14275170,14620643,15063173,15544652
39100,"Poughkeepsie-Newburgh-Middletown, NY (Metropolitan Statistical Area)",21266586,21587685,22783455,23564809,24070788,24419739,24687583,25630070,25775744,26381937,26243999,26569932,26530782,26446889,27062685,27277853,27837899,28793662,29746771
39150,"Prescott Valley-Prescott, AZ (Metropolitan Statistical Area)",4429065,4666017,4985433,5356588,5915225,6411262,6401523,6206860,5732025,5554028,5408539,5407372,5509682,5712728,5828488,6021726,6342553,6439483,6592236
39300,"Providence-Warwick, RI-MA (Metropolitan Statistical Area)",65571240,67598637,69807064,71904537,72593579,74843044,73151955,72094602,70961930,72676806,72884590,73190229,73500959,74496568,76585332,76638051,77138086,78022671,79007652
39340,"Provo-Orem, UT (Metropolitan Statistical Area)",11061985,11254966,11686556,12430517,13350396,14662637,15938553,16000162,16126103,16510001,16996415,17331491,18023577,18894308,20345349,21678515,22835698,24917069,26352751
39380,"Pueblo, CO (Metropolitan Statistical Area)",4471186,4548854,4670702,4911351,4614333,4890003,4925700,5231508,5188320,5317879,5479564,5630735,5526437,5461525,5648655,5781630,5928321,6060725,6268022
39460,"Punta Gorda, FL (Metropolitan Statistical Area)",3363669,3529047,3664547,3874661,4274960,4552407,4415749,4202545,3970220,3895613,3868438,3886530,3946082,3977740,4190831,4344608,4463418,4627343,4952728
39540,"Racine, WI (Metropolitan Statistical Area)",7920189,7937654,8099717,8363701,8276487,8543663,8268966,7997992,7702909,8158059,8091407,8059614,7805000,7867517,7740924,7650888,7530778,7742718,7799437
39580,"Raleigh-Cary, NC (Metropolitan Statistical Area)",42185988,43314262,44450421,46442872,49128280,51730877,53825518,55092585,52467924,55720094,55962668,57352225,60730462,64347086,69267841,73362642,77543958,82217038,84678690
39660,"Rapid City, SD (Metropolitan Statistical Area)",4304651,4851657,4888399,4724302,4881256,4712960,4813279,4934725,4833964,4984569,5094790,5172679,5132745,5295595,5391916,5404272,5510305,5584861,5656970
39740,"Reading, PA (Metropolitan Statistical Area)",14714463,14905016,15145969,15372221,15649583,16496808,16488154,16490408,15904044,16322581,16610776,16668892,16808272,17373040,18152272,18280605,18076761,18529351,18832774
39820,"Redding, CA (Metropolitan Statistical Area)",6120497,6852538,7097930,7028327,6924177,7520253,7351383,6930603,6590477,6779161,6943081,6691760,6799024,6912875,7134059,7446374,7852040,7826545,8412829
39900,"Reno, NV (Metropolitan Statistical Area)",19754206,19927000,20524494,22177694,23245969,23629994,23233409,21918543,20454095,21463792,21110853,21360483,21092863,21380367,23061045,23975435,25378569,25048118,25810750
40060,"Richmond, VA (Metropolitan Statistical Area) *",60765176,59182301,60212783,60845201,64120964,64957785,65439366,64784926,63371019,64989620,66616995,67860274,69671202,70117545,73193055,74032363,75955781,77162083,78701911
40140,"Riverside-San Bernardino-Ontario, CA (Metropolitan Statistical Area)",101160508,106877781,115026146,124009023,132164152,140464239,141825804,136795149,127432825,128316045,131792356,132669480,137405833,143289193,151135822,155513808,160344031,164487230,171884061
40220,"Roanoke, VA (Metropolitan Statistical Area) *",13287348,13228413,13415306,13427845,14037799,14676105,15048971,14953464,14447422,14561951,14619053,14533322,14726237,14809559,15261870,14990605,14904718,15105971,15406542
40340,"Rochester, MN (Metropolitan Statistical Area)",7839271,8377062,9015949,9477517,9643627,9959186,9990786,10247138,10062490,10651471,10676524,10875353,11214489,11188118,11548992,11761879,12193399,12739532,12894428
40380,"Rochester, NY (Metropolitan Statistical Area)",50033905,50811787,51348971,51341749,51765973,53074586,53176099,53564971,53736769,55031028,53982341,54309629,53663208,52986326,54106567,54273582,54661139,55373998,56728386
40420,"Rockford, IL (Metropolitan Statistical Area)",12858509,13091261,13370048,13706319,13984936,14803020,14991966,14762359,13527253,13745496,14192579,14197542,13911110,14121880,14222323,14212943,14457476,14921756,14843014
40580,"Rocky Mount, NC (Metropolitan Statistical Area)",6014101,5915489,5989166,6001378,6082811,6388730,6419847,6379687,7525386,6938613,6406357,5579311,5629221,7003130,8354872,8669130,8200043,8127558,6590559
40660,"Rome, GA (Metropolitan Statistical Area)",4104522,3651203,3683111,3841238,3735638,3842306,3884835,3865650,3738030,3749823,3756045,3681073,3600610,3725579,3865314,3971725,3880083,3881638,3960973
40900,"Sacramento-Roseville-Folsom, CA (Metropolitan Statistical Area)",87561611,91040740,96652840,100732004,106092520,109281687,109809578,109000155,104266817,101991632,103745146,104794885,108140212,111615293,116822759,119486229,123124799,127055984,132501716
40980,"Saginaw, MI (Metropolitan Statistical Area)",7677764,7860746,8203407,8059056,8142972,8062869,7858384,7331328,6859122,7329964,7437272,7397354,7475923,7350936,7402301,7573411,7460995,7641622,7665760
41060,"St. Cloud, MN (Metropolitan Statistical Area)",7281331,7500856,7565271,7903878,7997791,8208349,8205686,8371014,8123508,8194200,8435084,8424716,8661749,9067680,9254229,9527857,9711191,9818069,9822433
41100,"St. George, UT (Metropolitan Statistical Area)",2564984,2696876,2893275,3152817,3498600,3914134,4048759,3875773,3520201,3488706,3518358,3656205,3902266,4098110,4343393,4695377,5192999,5550054,5622666
41140,"St. Joseph, MO-KS (Metropolitan Statistical Area)",4352365,4463066,4539693,4790289,4774491,4942590,5014109,5181122,5082560,5108220,5118292,5485859,5604062,5395159,5232644,5257150,5427546,5510648,5625808
41180,"St. Louis, MO-IL (Metropolitan Statistical Area)",131941776,133752668,137841071,140063900,142188972,141644436,142226768,146238988,142691345,144856879,144509006,145745589,144482490,144257679,146348193,146023666,147957531,150857645,152402085
41420,"Salem, OR (Metropolitan Statistical Area)",11615593,11757474,12098268,12248164,12762769,13924683,13747068,13841395,13231446,13249092,13097060,13042896,13218832,13580661,14429597,15196295,15912286,16772148,17248983
41500,"Salinas, CA (Metropolitan Statistical Area)",20892363,22161647,22253714,20131783,20668332,22729488,21790738,21260421,22536558,21872046,20720752,21344927,22703830,23311023,25382242,26037608,26213769,26821031,27581259
41540,"Salisbury, MD-DE (Metropolitan Statistical Area)",14544599,14218058,14612919,15443163,16458422,17173785,17309050,17163813,16842958,16417220,16264918,16561893,17291171,18358688,19996591,19589888,19246949,19666209,20314226
41620,"Salt Lake City, UT (Metropolitan Statistical Area)",50987860,52013811,52551467,55614671,58792347,63094766,66161244,65111665,63199062,64807283,67666834,69285847,70426257,72476710,75298619,78243444,80547958,85198816,88155402
41660,"San Angelo, TX (Metropolitan Statistical Area)",4305979,4256491,4135197,4141351,4211877,4395078,4525436,4700856,4890584,5163686,5445924,6080984,6762855,7371112,7556107,7196655,7243409,7559617,7882108
41700,"San Antonio-New Braunfels, TX (Metropolitan Statistical Area)",66755517,68951931,71810630,74264660,76672391,80634073,83262728,84299217,82631928,85718321,89447403,91695966,95256964,100317744,106395801,107936312,108684400,113554864,115621292
41740,"San Diego-Chula Vista-Carlsbad, CA (Metropolitan Statistical Area)",144584889,151098666,159728402,169143307,178151400,181854470,184345597,181694196,172794945,174419306,177990381,180309903,187349509,193818332,201166675,204667390,211115497,217509581,222272562
41860,"San Francisco-Oakland-Berkeley, CA (Metropolitan Statistical Area)",309091867,304321267,309932517,315457037,329665606,338159146,339128333,354036195,337953496,337490277,339658529,366308515,381121690,406459737,431327205,457517341,491152028,511920423,531247412
41940,"San Jose-Sunnyvale-Santa Clara, CA (Metropolitan Statistical Area)",117252885,112250902,118848224,123948626,131700602,141664806,154535609,162559049,159286342,173299778,186677147,193278097,211304725,227332077,249529273,265882144,284620833,306242907,320444051
42020,"San Luis Obispo-Paso Robles, CA (Metropolitan Statistical Area)",10976338,12177915,12523240,12633830,13073861,13724468,13689721,12776780,12496039,13071951,13373144,13751028,14249445,14505249,15358431,15632220,15842274,16352453,16660813
42100,"Santa Cruz-Watsonville, CA (Metropolitan Statistical Area)",10971891,10976045,11167165,11030608,11044361,11504170,11461140,11332172,11455862,12273882,12121553,11944124,12323410,12743780,13012499,13209421,13387600,13837794,14407444
42140,"Santa Fe, NM (Metropolitan Statistical Area)",5516766,6190932,5639510,5710784,5917150,6093853,6372354,6605489,6089874,6080182,5969181,5903877,5882309,5805799,5838437,5808812,5768951,5864721,5977058
42200,"Santa Maria-Santa Barbara, CA (Metropolitan Statistical Area)",18035844,18831803,19679738,20439843,21365990,22146661,22453745,22437077,22724222,22490976,22727621,23165737,23615305,24338970,25817818,25972309,26806462,27671513,28411698
42220,"Santa Rosa-Petaluma, CA (Metropolitan Statistical Area)",20730891,21666201,21682593,21714224,22109493,23029225,23293413,22769518,21765486,22174317,22641678,22862641,23576897,24669485,25919499,26506846,27304379,28320010,29064200
42340,"Savannah, GA (Metropolitan Statistical Area)",12387165,12611161,12963118,13678403,14509313,15394323,15613514,15382049,15154579,15457892,15744503,16211868,16429870,17169278,17816334,18263688,18751747,19364843,19536168
42540,"Scranton--Wilkes-Barre, PA (Metropolitan Statistical Area)",20345350,20260771,20661374,21142052,21375569,21992526,22496539,22920077,22738565,23317782,23493173,23496999,23673389,24190924,24893316,25237562,25440472,25843112,26499156
42660,"Seattle-Tacoma-Bellevue, WA (Metropolitan Statistical Area)",199790573,200394612,203309362,207300441,221586866,230088401,246611283,250274029,242185404,247946435,256142991,268999178,278715596,290986499,306168816,318442412,337742165,364163878,382630156
42680,"Sebastian-Vero Beach, FL (Metropolitan Statistical Area)",3849873,4051613,4311194,4559910,4954978,5184757,5156007,4986567,4651897,4468002,4458738,4519304,4604320,4825340,5100038,5391629,5566614,5735179,5966999
42700,"Sebring-Avon Park, FL (Metropolitan Statistical Area)",1891663,2042495,2105494,2234596,2398758,2762976,2727242,2569464,2519508,2440756,2358508,2382738,2281596,2289516,2345183,2400380,2449977,2456909,2626612
43100,"Sheboygan, WI (Metropolitan Statistical Area)",5579476,5687673,5826668,6199197,6033613,6102198,6167715,6087778,5772727,5910833,5889052,6032911,6018563,6107540,6265239,6466827,6583284,6687709,6735140
43300,"Sherman-Denison, TX (Metropolitan Statistical Area)",3071688,3136721,3208303,3413514,3418533,3699029,3721832,3787180,3793865,3854354,4070958,4184566,4213835,4279418,4411786,4454424,4587022,4797618,4866248
43340,"Shreveport-Bossier City, LA (Metropolitan Statistical Area)",15378604,15493534,16082077,16884041,17818467,18408768,16978977,17160525,19936901,20970545,22019858,20814174,19306020,19221063,19877079,19741410,20531412,20954042,21555113
43420,"Sierra Vista-Douglas, AZ (Metropolitan Statistical Area)",3367319,3419666,3672420,3798579,4048429,4277426,4541320,4558533,4569102,4714904,4690533,4472156,4352412,4249049,4325374,4436734,4371673,4416290,4589330
43580,"Sioux City, IA-NE-SD (Metropolitan Statistical Area)",7633018,6887997,6749738,7157616,7428408,7613848,7775221,8184287,7675869,7854933,7520690,7198836,7098891,7032501,7371764,7435244,7314162,7588542,7680637
43620,"Sioux Falls, SD (Metropolitan Statistical Area)",8997424,10499880,10446021,12224962,13078047,14225012,14521271,14817618,15208531,14855878,15819901,17051567,16462640,17109273,17371002,17520286,17567562,18055887,18366725
43780,"South Bend-Mishawaka, IN-MI (Metropolitan Statistical Area)",11580992,11930699,12484724,12808487,12814342,13124599,13195707,12749599,11521903,12124558,12202664,12309878,12400514,12910802,13107306,13101895,13226525,13686478,14031579
43900,"Spartanburg, SC (Metropolitan Statistical Area)",9850418,10168912,10634078,11259890,11617385,12285633,12161184,11946594,10889523,11389496,11553870,11286021,11474263,11639935,12110066,12834928,13701939,14141191,14674876
44060,"Spokane-Spokane Valley, WA (Metropolitan Statistical Area)",17424857,17400479,17832988,18446178,19330978,20368099,21273588,21577653,20870141,20875428,20956893,21097718,21529862,22015186,22409975,23100649,24174971,25754206,26873440
44100,"Springfield, IL (Metropolitan Statistical Area)",9842694,10040678,9817335,9852262,9808953,10084401,10116659,10079913,10107645,10337149,10379605,10161515,10146305,10325914,10330356,10318824,10457735,10860466,10944405
44140,"Springfield, MA (Metropolitan Statistical Area)",26176207,26528990,27141860,27398013,27377817,27567998,27478306,27679681,27109305,27804826,28382174,28739732,28701018,29024425,29779029,29968345,30361397,30723387,31177450
44180,"Springfield, MO (Metropolitan Statistical Area)",13902534,14272686,14910331,15580709,16282897,16435566,16508378,16764366,16311467,16209498,16084652,16220689,16118214,16603332,17151430,17194570,17429500,17945788,18067838
44220,"Springfield, OH (Metropolitan Statistical Area)",4306876,4360263,4306425,4465878,4450046,4618453,4354120,4233080,4022639,4076943,4178021,4135322,4164168,4207128,4210928,4191096,4215633,4293412,4327627
44300,"State College, PA (Metropolitan Statistical Area)",5436279,5590144,5724449,5988876,6330481,6310523,6412211,6604328,6627656,6876098,7085376,7223886,7339427,7417415,7528598,7725985,7912147,7899910,7982602
44420,"Staunton, VA (Metropolitan Statistical Area) *",4493720,4259783,4183813,4458199,4648280,4751688,4837375,4846670,4949856,5032581,4883524,4675460,4709668,4719265,4707396,4668642,4699754,4766582,4848087
44700,"Stockton, CA (Metropolitan Statistical Area)",20787922,21804825,22879848,24006724,25238598,25684661,25403290,24548756,23842133,23299266,23152268,23489838,24336729,25316736,26893402,27434164,28468464,29553515,30486439
44940,"Sumter, SC (Metropolitan Statistical Area)",3608386,3653896,3784868,3879055,3918152,4113484,4167763,4058452,3941490,4048287,4087607,4249720,4288302,4133142,4151574,4146907,4342075,4436732,4575176
45060,"Syracuse, NY (Metropolitan Statistical Area)",29365008,29630676,30448602,31071514,31678687,32273954,32861221,32604057,32766013,33825738,33366264,34299459,34783757,35083428,35830995,35550950,36077682,36734597,37721126
45220,"Tallahassee, FL (Metropolitan Statistical Area)",13848705,14169368,14394609,14808517,14830736,15462049,15959918,15605090,15209664,15026409,14891994,14911357,14671422,14895343,15087559,15410862,15876235,16253003,16622281
45300,"Tampa-St. Petersburg-Clearwater, FL (Metropolitan Statistical Area)",100196120,104364586,109167488,115580632,121957795,126188230,126550907,122797610,118568919,119282395,119400692,120987348,122962440,125090186,130614894,134637362,137800027,143153414,148372290
45460,"Terre Haute, IN (Metropolitan Statistical Area)",6240785,6434251,6708525,6838097,6806936,6980667,7097727,7145040,6813861,7125852,7154229,6991321,7741962,7704290,7282704,7172606,7046392,7011546,7105410
45500,"Texarkana, TX-AR (Metropolitan Statistical Area)",4561616,4671667,4691548,4864312,4983593,5272495,5316441,5429421,5287855,5323522,5352974,5325952,5076479,4991279,5052810,5070394,5055839,5095749,5141651
45540,"The Villages, FL (Metropolitan Statistical Area)",935988,1022749,1186426,1234584,1431880,1687876,1821936,1791330,1735666,1793323,1897719,2009623,2126028,2153501,2209969,2244615,2363571,2524512,2690053
45780,"Toledo, OH (Metropolitan Statistical Area)",31564783,32007969,32287536,32554655,33330571,33748339,33261952,31779020,30689344,31654949,32710300,31748009,32549977,34680050,33054246,33073031,33167141,34314738,34905301
45820,"Topeka, KS (Metropolitan Statistical Area)",9183351,9264774,9279652,9453443,9345469,9093671,9486119,9682418,9559811,9556995,9846882,9970621,9774017,9949396,10093356,10266805,10365265,10592903,10561238
45940,"Trenton-Princeton, NJ (Metropolitan Statistical Area)",24556308,25301458,25829901,26125951,26463561,26760956,26408381,27511630,26480819,26692741,26782089,28353358,28495479,28141012,28693758,29707159,29666666,30121068,31467636
46060,"Tucson, AZ (Metropolitan Statistical Area)",31683814,31630359,33579746,33289548,35119114,36453124,37913712,37892040,35482608,36204558,36126857,36578145,36237429,36439962,36442529,37819839,39683124,41020726,42169490
46140,"Tulsa, OK (Metropolitan Statistical Area)",38067902,38032424,37443810,38473325,40674059,44705956,44728824,46091117,43562626,42767444,45171620,47439656,48197573,51536561,52816976,49663652,50634655,52592588,54232223
46220,"Tuscaloosa, AL (Metropolitan Statistical Area)",8237424,8700289,9169819,9807788,10264757,10351298,10821432,10324517,9502751,9827234,10651950,10188737,10473764,10168012,9921561,10068203,10392130,10662980,11045590
46300,"Twin Falls, ID (Metropolitan Statistical Area)",2988867,3035098,3053635,3219003,3387388,3609363,3801769,3756822,3405490,3611343,3577613,3736750,3914550,4135002,4259482,4489454,4567355,4739793,4901480
46340,"Tyler, TX (Metropolitan Statistical Area)",7380553,7393916,7543700,8422640,8814131,9367054,9376684,9304077,9169956,9406223,9451926,9654753,9741450,9717309,9907081,9981950,9895124,10272715,10389548
46520,"Urban Honolulu, HI (Metropolitan Statistical Area)",42666025,43808225,45639197,48381469,50438884,51285446,51936003,52916974,51888193,53259969,54035469,54967212,55590914,55741659,58503267,59331111,60742942,61308794,61094332
46540,"Utica-Rome, NY (Metropolitan Statistical Area)",10021915,10255487,10367795,10468813,10530427,11187652,11385717,11306101,11358104,11614191,11540472,11606861,11517615,11370648,11306433,11466827,11655446,11948778,12526089
46660,"Valdosta, GA (Metropolitan Statistical Area)",3979510,4148216,4304665,4339775,4510923,4669768,4696295,4771002,4703358,4724787,4668872,4691076,4673151,4675792,4745018,4809637,4922952,5070540,5171514
46700,"Vallejo, CA (Metropolitan Statistical Area)",14662381,15109887,16504781,16701098,17197619,17363972,17830865,19249363,18276464,18277638,17722022,19183562,20300857,20669380,20979960,21471282,21428966,21854674,22637944
47020,"Victoria, TX (Metropolitan Statistical Area)",4317978,4246893,4286819,4510252,4761910,5156822,4920400,4775627,4404483,4470714,4584032,4891307,5011921,5052471,4682217,4307516,4296722,4518323,4508276
47220,"Vineland-Bridgeton, NJ (Metropolitan Statistical Area)",5390370,5480261,5801630,6041821,6154952,6242128,6101907,6193529,6061741,5984725,5859366,5880083,5888044,5868308,5968409,6064940,5912772,5906791,6007622
47260,"Virginia Beach-Norfolk-Newport News, VA-NC (Metropolitan Statistical Area) *",72929939,74170481,77557961,81272028,84762350,85470492,86244301,85850170,85064806,85135219,84960574,84115453,84503277,83830223,86339963,86058507,86528937,87871687,89523156
47300,"Visalia, CA (Metropolitan Statistical Area)",11388449,10717341,11413656,12644980,14000139,13869998,15259474,14407231,13104361,14181048,14732520,13982245,14423097,16238225,16392798,17361923,18223241,18270773,19350581
47380,"Waco, TX (Metropolitan Statistical Area)",7903895,8035754,8348555,8623091,8717056,9108385,9189309,9154966,9080020,9237270,9404274,9849827,10716426,11140695,10914755,11124482,11512863,11883657,11859598
47460,"Walla Walla, WA (Metropolitan Statistical Area)",2440494,2279868,2366742,2297601,2375921,2707856,2586273,2654540,2728642,2684475,2808425,2766343,2733533,2796708,3018011,3222459,3336211,3425600,3513539
47580,"Warner Robins, GA (Metropolitan Statistical Area)",5299535,5507660,5682820,5851754,6038189,6352180,6415518,6400565,6367914,6439349,6526249,6510296,6423855,6434353,6492443,6573154,6745851,6959115,7213365
47900,"Washington-Arlington-Alexandria, DC-VA-MD-WV (Metropolitan Statistical Area) *",332430239,344821233,358156625,381067258,400319898,401225892,405859567,414855423,415637166,432841197,441527971,444839905,442708544,447670784,456753170,468368526,476309921,484614759,492129890
47940,"Waterloo-Cedar Falls, IA (Metropolitan Statistical Area)",6497363,6804841,6770303,7668167,7937887,7879605,8106685,7898021,7958332,8465960,8385167,10035380,8852694,9854494,9261286,8367320,8308430,8628719,8535622
48060,"Watertown-Fort Drum, NY (Metropolitan Statistical Area)",4478828,4502990,4683754,4932365,5434407,5985459,6052676,6325312,6465427,6765291,6894408,6664815,6507579,6348259,6116267,5909765,5827344,5851168,5873301
48140,"Wausau-Weston, WI (Metropolitan Statistical Area)",6681377,6850414,7139523,7443051,7704049,7876715,7895882,7753542,7439047,7580031,7876928,7997453,8060373,8418771,8617594,8872997,8949145,9299963,9467141
48260,"Weirton-Steubenville, WV-OH (Metropolitan Statistical Area)",5328705,5592010,5434273,5200083,5209461,4962571,5138370,5540368,5068736,5061037,4912909,4939398,5560828,6217161,6757328,5399949,5818863,6113014,6918920
48300,"Wenatchee, WA (Metropolitan Statistical Area)",3977110,4396038,4367234,4383957,4123483,4654747,4685812,4572685,4589145,4808883,5309607,5311567,5226924,5233001,5587881,5752478,5999018,6069900,6097539
48540,"Wheeling, WV-OH (Metropolitan Statistical Area)",6027469,6075415,6135456,6135235,6252478,6301337,6389824,6534093,6380996,6441127,6474402,6446153,7139179,8276610,9780883,10857247,12120943,12218102,12249099
48620,"Wichita, KS (Metropolitan Statistical Area)",25922674,25666295,25252601,25185689,25323859,27925154,29755588,29712439,26534210,27718323,28415671,28346271,26663983,28293630,29885770,32387711,32960765,33494536,33975620
48660,"Wichita Falls, TX (Metropolitan Statistical Area)",5397064,5481646,5407597,5352634,5312547,5703858,5707984,5767874,5735049,5723119,5681223,5914121,5872088,5817256,5726727,5799610,5844182,5954367,6154192
48700,"Williamsport, PA (Metropolitan Statistical Area)",4093454,4016557,4133915,4253695,4335140,4394805,4402862,4397181,4418028,4746829,5285931,5769384,6020686,6569408,6522879,6405208,6448338,6355190,6441988
48900,"Wilmington, NC (Metropolitan Statistical Area)",8705533,8919005,9180540,9474048,10195839,10771110,11291335,11429193,10915208,11135521,11193265,10514853,11112490,11598907,11777654,12229410,12288797,12828556,13276112
49020,"Winchester, VA-WV (Metropolitan Statistical Area) *",4727858,4804615,4911969,5084911,5443391,5651124,5580952,5366532,5483226,5647271,5665029,5655567,5749554,5787956,5903980,5908283,5997542,6131093,6269888
49180,"Winston-Salem, NC (Metropolitan Statistical Area)",26880255,26785017,27531702,28647929,29101958,30233431,29722955,30611871,29530291,29487704,28199998,28299074,28675867,29254407,29403181,29555334,30010351,30228237,30879321
49340,"Worcester, MA-CT (Metropolitan Statistical Area)",34311744,35346712,36725613,37200961,37465043,39142283,39464806,39566417,38308648,39897723,41338159,41607156,41890342,42039714,42961697,43387842,43960787,44662471,45527976
49420,"Yakima, WA (Metropolitan Statistical Area)",6864846,7181145,7457542,7744705,7936105,8236077,8803274,8583493,8401217,8718714,8722629,8748434,8713924,9330272,9370172,9839521,10157944,10698626,11038340
49620,"York-Hanover, PA (Metropolitan Statistical Area)",14755589,15019561,15650711,16636084,17518648,17313706,18128398,18837596,17752677,18047327,18047654,17655197,17788598,17833767,18153226,18397467,18696329,18912943,19163414
49660,"Youngstown-Warren-Boardman, OH-PA (Metropolitan Statistical Area)",20336609,20998064,21157218,21637665,21988123,22141009,21648206,21022346,18952862,19603939,20335550,19931198,19926406,19831313,19751265,19567041,19148401,19455070,19794756
49700,"Yuba City, CA (Metropolitan Statistical Area)",4603849,5289948,5442870,5533023,5468751,5970177,5973591,6307168,6543540,6239352,6085752,5856189,6104370,5923456,6126829,6304593,6503226,6709322,7108720
49740,"Yuma, AZ (Metropolitan Statistical Area)",4838568,5572259,5431396,5962603,6394328,6829806,7206659,6661941,6365683,6633463,6479541,6016301,6322879,6231556,6713908,7133568,7404630,7565775,7926771
