,Unnamed: 0,msa,NAME,S1701_C01_001E,S2201_C01_001E,S0101_C01_024E,S0101_C01_022E,S0101_C01_028E,S2301_C01_001E,B01001_001E,B25001_001E,B25002_001E,B25005_001E,B25048_001E,B25052_001E,B25007_012E,B25041_003E,B25041_004E,B25041_005E,B25041_006E,B25041_007E,B25019_001E,B06011_001E,B06009_002E,B06009_003E,B06009_004E,B06009_005E,B06009_006E,gdp_2019,score_sdgi,_merge
1,2,10420,"Akron, OH Metro Area",685097,285647,269984,141888,178763,579116,703479,316217,316217,30570.0,285647.0,285647.0,96799,31557,80301,128543,60066,11383,1956297,30842.0,37410.0,157491.0,138951.0,98114.0,57275.0,33086775.0,51.0,both
4,5,10580,"Albany-Schenectady-Troy, NY Metro Area",850456,362502,347515,170336,221555,731319,880381,412316,412316,49814.0,362502.0,362502.0,129886,49219,115193,147539,76377,18014,2457566,37442.0,46007.0,155441.0,170380.0,134620.0,108143.0,56461199.0,59.0,both
5,6,10740,"Albuquerque, NM Metro Area",902139,354359,364806,197754,221224,739261,914480,393075,393075,38716.0,354359.0,354359.0,114334,37589,90249,176902,66209,10637,2230145,29861.0,68124.0,159577.0,196709.0,117647.0,93545.0,39250733.0,50.0,both
7,8,10900,"Allentown-Bethlehem-Easton, PA-NJ Metro Area",818268,322301,314463,175237,218169,689845,844052,351530,351530,29229.0,322301.0,322301.0,105481,32784,74967,154071,67847,15450,2202810,32273.0,54074.0,209837.0,152582.0,113677.0,62143.0,41912704.0,49.0,both
16,18,12940,"Baton Rouge, LA Metro Area",831474,305441,360213,199685,180306,679750,854884,372293,372293,66852.0,305441.0,305441.0,92555,33891,75754,186143,59908,9509,2102885,30721.0,69092.0,183416.0,156158.0,103377.0,51851.0,53347706.0,30.0,both
19,21,12060,"Atlanta-Sandy Springs-Alpharetta, GA Metro Area",5915478,2189294,2494224,1450990,1090846,4733233,6018744,2364761,2364761,175467.0,2189294.0,2189294.0,782172,215309,459156,877913,529063,244242,15246399,35603.0,403834.0,939218.0,1073316.0,995590.0,608746.0,371826639.0,49.0,both
22,24,12260,"Augusta-Richmond County, GA-SC Metro Area",592891,211969,241812,140807,138924,485716,610648,262287,262287,50318.0,211969.0,211969.0,66036,14260,59290,118659,52861,14804,1625268,27569.0,44445.0,126515.0,128391.0,72878.0,40213.0,25427997.0,40.0,both
23,25,12420,"Austin-Round Rock-Georgetown, TX Metro Area",2179655,818084,1038905,504773,362821,1779784,2227083,882659,882659,64575.0,818084.0,818084.0,346604,141906,187493,324433,167661,34991,4776313,40056.0,144966.0,290121.0,376661.0,445551.0,250408.0,143075741.0,62.0,both
24,26,12540,"Bakersfield, CA Metro Area",872223,272888,388291,259120,147531,665025,900202,302927,302927,30039.0,272888.0,272888.0,112496,21469,74239,135915,55747,8047,1600849,25283.0,130580.0,155083.0,171997.0,64784.0,29512.0,51416782.0,38.0,both
25,27,12580,"Baltimore-Columbia-Towson, MD Metro Area",2732343,1062901,1106900,609673,638619,2258125,2800053,1169780,1169780,106879.0,1062901.0,1062901.0,357247,120055,267332,447473,234622,76725,7588664,41340.0,163020.0,476832.0,491359.0,448825.0,366794.0,188615454.0,50.0,both
35,37,13820,"Birmingham-Hoover, AL Metro Area",1070169,428665,428514,248870,249467,868339,1090435,489791,489791,61126.0,428665.0,428665.0,138383,33968,119573,218428,86250,24310,3044702,31257.0,76430.0,204633.0,226226.0,148043.0,94108.0,55427936.0,42.0,both
41,43,14260,"Boise City, ID Metro Area",733339,275681,305226,185276,159667,585076,749057,289371,289371,13690.0,275681.0,275681.0,77690,16528,57044,125512,66344,20104,1800292,31889.0,39175.0,116485.0,176869.0,109210.0,56919.0,33376259.0,50.0,both
42,44,14460,"Boston-Cambridge-Newton, MA-NH Metro Area",4712847,1855763,2015158,953269,1096277,4033115,4873019,1985813,1985813,130050.0,1855763.0,1855763.0,713642,305405,566583,632117,330224,91507,11379681,43217.0,267913.0,756101.0,715147.0,911046.0,782641.0,423725910.0,63.0,both
47,49,14860,"Bridgeport-Stamford-Norwalk, CT Metro Area",926326,340557,350973,209662,217555,758116,943332,375368,375368,34811.0,340557.0,340557.0,115509,44872,97716,112617,79929,30971,2350562,41874.0,63789.0,141693.0,124384.0,178372.0,139426.0,79854813.0,58.0,both
49,51,15380,"Buffalo-Cheektowaga, NY Metro Area",1097469,488951,427604,226971,293548,926153,1127983,531436,531436,42485.0,488951.0,488951.0,167927,49182,134746,227939,85910,23008,3208126,32868.0,57573.0,228865.0,251734.0,151088.0,111866.0,63026922.0,46.0,both
54,56,15980,"Cape Coral-Fort Myers, FL Metro Area",761876,286887,239071,133898,283535,650385,770577,408569,408569,121682.0,286887.0,286887.0,70272,28907,145116,176524,47334,6302,2192775,31181.0,64201.0,181330.0,169392.0,105918.0,63485.0,28207575.0,49.0,both
56,58,16980,"Chicago-Naperville-Elgin, IL-IN-WI Metro Area",9299008,3539174,3844853,2129677,2017587,7577566,9457867,3869464,3869464,330290.0,3539174.0,3539174.0,1258249,485809,1083185,1325256,665977,187570,22551742,36716.0,687662.0,1554216.0,1696881.0,1535426.0,1009032.0,618616499.0,53.0,both
65,67,16700,"Charleston-North Charleston, SC Metro Area",782494,303976,331653,174188,171363,644431,802122,345889,345889,41913.0,303976.0,303976.0,98926,26401,74881,156484,67595,17829,2063375,36636.0,51102.0,133951.0,164103.0,131601.0,78028.0,39547761.0,47.0,both
66,68,16740,"Charlotte-Concord-Gastonia, NC-SC Metro Area",2593107,982241,1070372,616972,521243,2092388,2636883,1084126,1084126,101885.0,982241.0,982241.0,339537,84558,255900,456546,201722,68873,6578139,33671.0,183170.0,408250.0,552846.0,428345.0,221422.0,150589392.0,50.0,both
68,70,16860,"Chattanooga, TN-GA Metro Area",551560,222950,216264,120432,143411,460368,566153,251893,251893,28943.0,222950.0,222950.0,75749,21175,68840,108979,38526,8758,1472040,27473.0,50215.0,109302.0,120486.0,75332.0,41883.0,27149478.0,42.0,both
70,72,17140,"Cincinnati, OH-KY-IN Metro Area",2167822,878645,869929,515106,501493,1763035,2219750,951030,951030,72385.0,878645.0,878645.0,290393,107301,238881,350561,198772,41772,5945406,34914.0,125681.0,443316.0,397437.0,328315.0,201434.0,133730544.0,46.0,both
73,75,17460,"Cleveland-Elyria, OH Metro Area",2007164,872626,755341,428619,538137,1672048,2048449,964496,964496,91870.0,872626.0,872626.0,312476,103765,242110,382933,181574,33825,5915166,31900.0,133560.0,410919.0,445133.0,277897.0,181285.0,118167899.0,45.0,both
76,78,17820,"Colorado Springs, CO Metro Area",727069,275778,322973,173922,147150,591197,745791,293652,293652,17874.0,275778.0,275778.0,96744,25417,62226,94967,70230,36203,1906032,34925.0,23844.0,102098.0,173044.0,120899.0,71986.0,34322697.0,46.0,both
78,80,17900,"Columbia, SC Metro Area",802475,317998,345875,184950,182759,675295,839039,363035,363035,45037.0,317998.0,317998.0,102199,19873,77975,165164,71261,19334,2228082,30802.0,59585.0,143035.0,164235.0,117476.0,75152.0,38637223.0,42.0,both
81,83,18140,"Columbus, OH Metro Area",2065259,817086,894554,495264,415588,1678203,2122271,877436,877436,60350.0,817086.0,817086.0,319126,91475,241160,331860,169886,27319,5249746,34706.0,119848.0,385046.0,385218.0,342684.0,200986.0,117001202.0,48.0,both
85,87,19660,"Deltona-Daytona Beach-Ormond Beach, FL Metro Area",656550,263915,215727,115797,228021,565631,668365,317977,317977,54062.0,263915.0,263915.0,72173,20531,93692,153404,39858,5573,1780683,28042.0,44288.0,167641.0,166484.0,78466.0,44388.0,19285228.0,40.0,both
86,88,19740,"Denver-Aurora-Lakewood, CO Metro Area",2931618,1152457,1297798,655615,568936,2387232,2967239,1216335,1216335,63878.0,1152457.0,1152457.0,411852,178559,299233,350947,247581,108291,7410101,41987.0,162635.0,411836.0,550749.0,596198.0,354073.0,202456263.0,54.0,both
87,89,19780,"Des Moines-West Des Moines, IA Metro Area",686491,280056,288770,173392,137361,544980,699292,296946,296946,16890.0,280056.0,280056.0,86571,26424,86029,107042,55254,15880,1799064,38477.0,31536.0,115219.0,142612.0,123579.0,53680.0,45632930.0,58.0,both
88,90,19820,"Detroit-Warren-Dearborn, MI Metro Area",4276356,1720610,1630157,943743,1024083,3488626,4319629,1916951,1916951,196341.0,1720610.0,1720610.0,522750,168633,446126,879079,333020,61015,11732899,32311.0,271066.0,825252.0,944681.0,579485.0,398861.0,237089292.0,46.0,both
90,92,19100,"Dallas-Fort Worth-Arlington, TX Metro Area",7479506,2635017,3226795,1945726,1279162,5853713,7573136,2878819,2878819,243802.0,2635017.0,2635017.0,1066239,442854,574855,1046706,604381,139830,16538771,35749.0,661761.0,1131846.0,1350447.0,1155466.0,632672.0,472334266.0,46.0,both
102,104,20500,"Durham-Chapel Hill, NC Metro Area",611877,255271,272519,130315,145148,526731,644367,279480,279480,24209.0,255271.0,255271.0,98450,25962,70139,120171,45849,11382,1640446,34759.0,47864.0,89789.0,100307.0,101740.0,103505.0,47168892.0,51.0,both
109,111,21340,"El Paso, TX Metro Area",827224,270137,365307,225223,148686,643387,843725,302722,302722,32585.0,270137.0,270137.0,106704,25333,64802,138840,56844,7565,1633845,23326.0,106607.0,133378.0,161678.0,85891.0,35829.0,29193881.0,43.0,both
127,129,23420,"Fresno, CA Metro Area",981920,315974,425192,281383,175750,746456,999101,336479,336479,20505.0,315974.0,315974.0,146538,28147,79164,142714,56138,11501,1763374,27429.0,145187.0,136503.0,202934.0,91545.0,45271.0,46009312.0,43.0,both
137,139,24340,"Grand Rapids-Kentwood, MI Metro Area",1050859,396763,447594,254741,224097,850249,1077370,425430,425430,28667.0,396763.0,396763.0,109842,33161,102302,165689,88659,27890,2722771,31785.0,59028.0,188719.0,225895.0,157561.0,80206.0,55050649.0,55.0,both
142,144,24660,"Greensboro-High Point, NC Metro Area",746472,301529,299967,169051,176393,621699,771851,338972,338972,37443.0,301529.0,301529.0,115169,22115,94013,149254,51090,12258,1962381,27078.0,71470.0,142829.0,153686.0,102235.0,55217.0,38579779.0,46.0,both
144,146,24860,"Greenville-Anderson, SC Metro Area",896193,349480,359891,204035,213754,740081,920477,395415,395415,45935.0,349480.0,349480.0,101747,23268,92782,186640,68510,16528,2407311,29443.0,75926.0,166035.0,187505.0,124288.0,71787.0,42439987.0,45.0,both
149,152,25420,"Harrisburg-Carlisle, PA Metro Area",559043,234365,215607,123799,143688,469137,577941,254393,254393,20028.0,234365.0,234365.0,76120,23368,63770,104982,44309,13261,1594119,34897.0,37311.0,135671.0,97330.0,83786.0,50804.0,36226869.0,47.0,both
151,154,25540,"Hartford-East Hartford-Middletown, CT Metro Area",1162742,476867,464863,240763,301488,994927,1204877,518329,518329,41462.0,476867.0,476867.0,162702,69675,138451,193594,87785,16801,2987896,39322.0,74632.0,219178.0,214413.0,183495.0,151408.0,93534792.0,47.0,both
159,162,26420,"Houston-The Woodlands-Sugar Land, TX Metro Area",6981579,2436438,3003088,1861784,1201910,5407415,7066140,2690001,2690001,253563.0,2436438.0,2436438.0,972546,401339,556262,942294,598663,136455,15491803,34661.0,702982.0,1075744.0,1270252.0,971507.0,551225.0,472104254.0,42.0,both
163,166,26900,"Indianapolis-Carmel-Anderson, IN Metro Area",2027204,793781,838621,507552,411379,1626320,2076531,875563,875563,81782.0,793781.0,793781.0,276508,89654,224566,348191,157573,39667,5437922,34148.0,133595.0,394308.0,371565.0,314963.0,173394.0,126096448.0,41.0,both
167,170,27140,"Jackson, MS Metro Area",571423,218853,246619,141186,125215,472227,594800,253666,253666,34813.0,218853.0,218853.0,73448,17811,50190,132589,43713,7357,1497857,26299.0,47298.0,100960.0,124710.0,76855.0,45539.0,24577764.0,35.0,both
169,172,27260,"Jacksonville, FL Metro Area",1525183,584381,604835,347895,355013,1247978,1559514,669824,669824,85443.0,584381.0,584381.0,198611,58041,143620,291718,139183,29090,3975691,32431.0,91122.0,301614.0,339137.0,229042.0,123576.0,75768093.0,45.0,both
178,181,32580,"McAllen-Edinburg-Mission, TX Metro Area",858187,247544,368454,278587,135536,621900,868707,285996,285996,38452.0,247544.0,247544.0,78818,26565,84466,119620,41623,6100,1405752,19896.0,160213.0,120675.0,118408.0,66693.0,27258.0,19766430.0,39.0,both
180,183,32820,"Memphis, TN-MS-AR Metro Area",1318390,505048,537352,330742,277202,1052727,1344910,573811,573811,68763.0,505048.0,505048.0,208116,48890,133039,251510,103288,28812,3444748,29979.0,105073.0,260787.0,270241.0,155591.0,101435.0,68352723.0,36.0,both
182,186,33100,"Miami-Fort Lauderdale-Pompano Beach, FL Metro Area",6093632,2187192,2321793,1243489,1533192,5067035,6166488,2562497,2562497,375305.0,2187192.0,2187192.0,892888,365471,931885,789857,299973,84817,12643425,29323.0,651185.0,1162447.0,1152331.0,913264.0,555831.0,327129154.0,47.0,both
186,190,33340,"Milwaukee-Waukesha, WI Metro Area",1544680,635351,619707,359574,352358,1256343,1575179,683615,683615,48264.0,635351.0,635351.0,254881,81137,195513,271114,99214,22652,3929695,36081.0,84920.0,287378.0,313029.0,258655.0,133723.0,93888193.0,46.0,both
187,191,33460,"Minneapolis-St. Paul-Bloomington, MN-WI Metro Area",3580291,1396025,1474789,854445,749951,2878094,3640043,1469597,1469597,73572.0,1396025.0,1396025.0,416595,188066,357171,443373,332460,109954,9402375,41474.0,145258.0,530423.0,734565.0,702983.0,369679.0,242537142.0,58.0,both
190,194,33700,"Modesto, CA Metro Area",546896,174698,227702,147773,103549,419828,550660,182987,182987,8289.0,174698.0,174698.0,74451,13445,41776,84551,32691,7130,1014343,31226.0,68799.0,106940.0,113257.0,43323.0,17260.0,23715709.0,49.0,both
200,204,34980,"Nashville-Davidson--Murfreesboro--Franklin, TN Metro Area",1892473,733787,817042,442175,373155,1537911,1933860,806178,806178,72391.0,733787.0,733787.0,250599,76255,195837,346686,138186,37329,4889755,35196.0,124603.0,333151.0,349261.0,326225.0,179304.0,121217044.0,48.0,both
204,208,35300,"New Haven-Milford, CT Metro Area",828166,329006,331267,170625,213681,704854,854757,368680,368680,39674.0,329006.0,329006.0,129887,52853,110770,134849,51063,10402,2023512,35267.0,63516.0,183855.0,142226.0,112267.0,98814.0,48368218.0,52.0,both
205,209,35380,"New Orleans-Metairie, LA Metro Area",1251089,485267,499501,280935,299898,1019357,1270530,561747,561747,76480.0,485267.0,485267.0,177392,62872,142183,230282,97580,16866,3218043,30324.0,105970.0,246877.0,248302.0,174560.0,111817.0,77290815.0,40.0,both
206,210,35620,"New York-Newark-Jersey City, NY-NJ-PA Metro Area",18877126,7102817,7670576,4096809,4334637,15583548,19216182,7797416,7797416,694599.0,7102817.0,7102817.0,3491333,1611651,2151464,2121193,1083747,398407,40537346,40271.0,1710664.0,3316837.0,2830504.0,3266624.0,2375867.0,1573857186.0,57.0,both
208,212,35840,"North Port-Sarasota-Bradenton, FL Metro Area",826455,332582,232018,133078,341485,717706,836995,448252,448252,115670.0,332582.0,332582.0,77728,36149,184257,169029,44195,9738,2404055,31819.0,50806.0,187551.0,192059.0,127154.0,92061.0,31736122.0,47.0,both
210,214,36740,"Orlando-Kissimmee-Sanford, FL Metro Area",2562362,889822,1099900,565145,549047,2106602,2608147,1077100,1077100,187278.0,889822.0,889822.0,338963,106675,280067,403175,216437,52068,6037047,29401.0,196771.0,462744.0,540556.0,391960.0,208269.0,128416036.0,45.0,both
216,220,36260,"Ogden-Clearfield, UT Metro Area",677034,218724,296245,206538,109941,498303,683024,230000,230000,11276.0,218724.0,218724.0,52285,10645,38342,67022,56207,55162,1656192,35073.0,23592.0,102456.0,153987.0,91577.0,40002.0,27150236.0,49.0,both
217,221,36540,"Omaha-Council Bluffs, NE-IA Metro Area",931470,367037,384755,242109,190805,732690,949726,394296,394296,27259.0,367037.0,367037.0,124580,47753,91859,150221,76192,21972,2496466,36907.0,45581.0,151476.0,192937.0,154146.0,81781.0,57996493.0,49.0,both
218,222,36420,"Oklahoma City, OK Metro Area",1377460,523919,591996,344152,283578,1103871,1408950,582820,582820,58901.0,523919.0,523919.0,192185,52731,130841,282783,94117,11322,3307892,32340.0,100050.0,255496.0,276039.0,183585.0,106502.0,79297922.0,40.0,both
220,224,37100,"Oxnard-Thousand Oaks-Ventura, CA Metro Area",832477,268524,331138,190291,190440,676757,846006,291547,291547,23023.0,268524.0,268524.0,100014,27925,73355,93577,74885,16068,1674991,35828.0,78199.0,120731.0,177284.0,126372.0,74668.0,48496595.0,57.0,both
221,225,37340,"Palm Bay-Melbourne-Titusville, FL Metro Area",595223,230043,194995,109373,192091,506159,601942,282830,282830,52787.0,230043.0,230043.0,51737,19819,74506,129639,47143,7100,1607860,30467.0,33811.0,125446.0,154500.0,84941.0,52074.0,24619760.0,46.0,both
226,230,37980,"Philadelphia-Camden-Wilmington, PA-NJ-DE-MD Metro Area",5950835,2323207,2406910,1314182,1416836,4938756,6102434,2507446,2507446,184239.0,2323207.0,2323207.0,773834,307051,491687,1010133,520180,120056,15619020,36640.0,373155.0,1210742.0,1006726.0,981041.0,677330.0,401231953.0,50.0,both
227,231,38060,"Phoenix-Mesa-Chandler, AZ Metro Area",4861744,1765135,2013603,1155012,1069487,3923235,4948203,1970654,1970654,205519.0,1765135.0,1765135.0,625739,213544,521464,688651,398744,102187,11027836,33960.0,401098.0,768811.0,1096688.0,686516.0,387981.0,237472532.0,50.0,both
229,233,38300,"Pittsburgh, PA Metro Area",2259275,1028436,849888,435787,658520,1933535,2317600,1133294,1133294,104858.0,1028436.0,1028436.0,327108,132880,290593,460543,183156,41941,6914563,34434.0,97527.0,532317.0,453540.0,369868.0,239397.0,145529947.0,51.0,both
233,238,38900,"Portland-Vancouver-Hillsboro, OR-WA Metro Area",2458017,964554,1047395,524712,536203,2027439,2493221,1021843,1021843,57289.0,964554.0,964554.0,368545,113483,255993,382567,178654,44202,5800054,37932.0,128863.0,368268.0,559019.0,437779.0,275571.0,156663199.0,66.0,both
237,242,39300,"Providence-Warwick, RI-MA Metro Area",1569628,627702,632934,319297,402852,1345769,1624578,707080,707080,79378.0,627702.0,627702.0,238221,96841,207958,272291,92710,20922,3940350,33960.0,134955.0,331964.0,299066.0,236130.0,144134.0,79007652.0,56.0,both
238,243,39340,"Provo-Orem, UT Metro Area",634153,182219,319854,214036,73964,458749,649603,190792,190792,8573.0,182219.0,182219.0,58429,9504,30700,54364,41218,53311,1374426,28197.0,14414.0,59519.0,120864.0,93987.0,39208.0,26352751.0,52.0,both
242,247,39580,"Raleigh-Cary, NC Metro Area",1363497,519648,582201,330735,247900,1099213,1390785,562945,562945,43297.0,519648.0,519648.0,178843,49486,118774,227400,121600,38058,3512075,38791.0,72241.0,163322.0,251039.0,279121.0,169597.0,84678690.0,59.0,both
250,255,40900,"Sacramento-Roseville-Folsom, CA Metro Area",2327254,854279,958406,534049,519435,1891368,2363730,918822,918822,64543.0,854279.0,854279.0,337909,95731,222394,349190,184869,47579,5151511,36560.0,158594.0,355147.0,548499.0,362352.0,188781.0,132501716.0,54.0,both
252,257,40060,"Richmond, VA Metro Area",1258365,491891,516588,274935,295941,1047526,1290866,533680,533680,41789.0,491891.0,491891.0,165663,43690,112088,211378,121921,37275,3430340,35331.0,89419.0,229572.0,243840.0,206470.0,131964.0,78701911.0,42.0,both
253,258,40140,"Riverside-San Bernardino-Ontario, CA Metro Area",4557685,1379706,1943938,1183793,882469,3602936,4650631,1588615,1588615,208909.0,1379706.0,1379706.0,498394,141131,403399,556042,353409,102713,8826051,30783.0,541858.0,784034.0,991827.0,446734.0,247252.0,171884061.0,46.0,both
256,261,40380,"Rochester, NY Metro Area",1030243,437296,407988,217986,270940,878719,1069644,484126,484126,46830.0,437296.0,437296.0,147420,61126,107971,192154,89006,19084,2913401,32481.0,69293.0,187428.0,214010.0,156307.0,120800.0,56728386.0,48.0,both
257,262,41180,"St. Louis, MO-IL Metro Area",2741024,1145583,1071175,615146,676464,2254823,2801423,1267434,1267434,121851.0,1145583.0,1145583.0,352986,137284,353362,484243,225184,48612,7644156,35366.0,146652.0,509118.0,602000.0,411038.0,289219.0,152402085.0,43.0,both
264,269,41620,"Salt Lake City, UT Metro Area",1217769,405984,558002,332379,199393,938057,1232696,434654,434654,28670.0,405984.0,405984.0,129147,44892,92158,110418,91871,83746,2854860,35234.0,64905.0,182166.0,250643.0,188289.0,97663.0,88155402.0,54.0,both
266,271,41700,"San Antonio-New Braunfels, TX Metro Area",2507864,830598,1088951,637215,478343,1985035,2550960,914421,914421,83823.0,830598.0,830598.0,310192,116382,193845,370411,175097,34085,5142764,30257.0,239408.0,434585.0,510739.0,306816.0,172694.0,115621292.0,48.0,both
267,272,41740,"San Diego-Chula Vista-Carlsbad, CA Metro Area",3255097,1132434,1453111,714798,676022,2702171,3338330,1233923,1233923,101489.0,1132434.0,1132434.0,522793,174543,372258,370791,217295,55915,6397719,36445.0,272475.0,415370.0,686980.0,560064.0,352583.0,222272562.0,63.0,both
268,273,41860,"San Francisco-Oakland-Berkeley, CA Metro Area",4668490,1721576,1980119,924120,1039132,3913818,4731803,1841897,1841897,120321.0,1721576.0,1721576.0,791326,304008,485357,534723,304473,87476,9365597,50884.0,359842.0,539467.0,775579.0,1032030.0,736144.0,531247412.0,70.0,both
269,275,41940,"San Jose-Sunnyvale-Santa Clara, CA Metro Area",1955091,662842,852588,431307,388842,1605553,1990660,706285,706285,43443.0,662842.0,662842.0,296893,100681,171465,217986,144738,36909,3661812,50985.0,158083.0,195956.0,305262.0,384399.0,348955.0,320444051.0,68.0,both
270,277,42540,"Scranton--Wilkes-Barre, PA Metro Area",532934,230210,201267,111077,151827,455680,553885,264847,264847,34637.0,230210.0,230210.0,77718,23791,59147,123579,39518,12540,1649373,29337.0,34362.0,155544.0,109845.0,59086.0,37864.0,26499156.0,44.0,both
271,278,42660,"Seattle-Tacoma-Bellevue, WA Metro Area",3917801,1541245,1724109,846322,782141,3220082,3979845,1644721,1644721,103476.0,1541245.0,1541245.0,620853,234136,390680,533860,317006,84592,9239404,44395.0,202997.0,537480.0,828279.0,754202.0,485529.0,382630156.0,66.0,both
288,295,44060,"Spokane-Spokane Valley, WA Metro Area",552485,229880,225650,124531,138085,457270,568521,245158,245158,15278.0,229880.0,229880.0,85787,27547,68802,77895,46402,18313,1491490,30799.0,25007.0,93417.0,156838.0,73581.0,43266.0,26873440.0,47.0,both
290,297,44140,"Springfield, MA Metro Area",659487,270899,280237,134682,175877,581413,697382,292482,292482,21583.0,270899.0,270899.0,100040,36413,86407,111724,41605,10266,1649343,31107.0,51691.0,140168.0,120092.0,89700.0,72282.0,31177450.0,51.0,both
295,302,44700,"Stockton, CA Metro Area",742138,230241,316720,203759,140356,581204,762148,248673,248673,18432.0,230241.0,230241.0,95813,18832,59814,97536,53096,12958,1394270,30821.0,98926.0,141126.0,147865.0,68256.0,28539.0,30486439.0,46.0,both
297,304,45060,"Syracuse, NY Metro Area",618671,255844,249036,135306,161605,529387,648593,296954,296954,41110.0,255844.0,255844.0,81350,32219,69088,120921,55401,12960,1822028,32680.0,38936.0,129499.0,131223.0,80055.0,64223.0,37721126.0,50.0,both
300,307,45300,"Tampa-St. Petersburg-Clearwater, FL Metro Area",3148227,1228481,1177859,628593,859192,2633030,3194831,1450652,1450652,222171.0,1228481.0,1228481.0,408690,169126,519604,489214,205558,36919,7822212,30609.0,237689.0,661435.0,686159.0,470613.0,262762.0,148372290.0,48.0,both
303,310,45780,"Toledo, OH Metro Area",624083,268089,248918,141406,157603,516624,641816,304246,304246,36157.0,268089.0,268089.0,96603,30909,80306,126747,53266,9136,1871754,29994.0,40524.0,132826.0,139353.0,77324.0,45299.0,34905301.0,40.0,both
305,312,45940,"Trenton-Princeton, NJ Metro Area",349835,130851,146992,78062,82937,299157,367430,145133,145133,14282.0,130851.0,130851.0,49000,19583,34031,46529,31602,7686,874983,36850.0,27887.0,57906.0,52013.0,57081.0,53328.0,31467636.0,54.0,both
306,313,46060,"Tucson, AZ Metro Area",1017001,410404,413993,215606,278088,853555,1047279,466337,466337,55933.0,410404.0,410404.0,151943,64963,123116,171975,77467,14070,2476221,28704.0,84287.0,156065.0,238289.0,134431.0,97377.0,42169490.0,47.0,both
307,314,46140,"Tulsa, OK Metro Area",981865,387176,390876,244433,221645,781137,998655,436691,436691,49515.0,387176.0,387176.0,136354,47386,91251,208092,69302,13498,2538789,31009.0,68798.0,193243.0,213149.0,129734.0,63780.0,54232223.0,40.0,both
311,318,46520,"Urban Honolulu, HI Metro Area",943455,316456,393105,204874,235143,792049,974563,354719,354719,38263.0,316456.0,316456.0,134922,43752,94058,113236,58527,20203,1739878,38315.0,50353.0,175946.0,210452.0,159284.0,84671.0,61094332.0,58.0,both
317,324,47260,"Virginia Beach-Norfolk-Newport News, VA-NC Metro Area",1696321,675311,738203,387046,384435,1419227,1765031,742006,742006,66695.0,675311.0,675311.0,262738,54615,181242,294827,160483,42453,4575886,34435.0,99642.0,294646.0,407803.0,233989.0,158827.0,89523156.0,50.0,both
324,331,28940,"Knoxville, TN Metro Area",848722,347927,332947,178050,218492,711675,869525,392895,392895,44968.0,347927.0,347927.0,108286,28826,98547,178772,63332,16364,2384364,29348.0,63638.0,186044.0,174646.0,110163.0,70515.0,39783704.0,41.0,both
327,334,28140,"Kansas City, MO-KS Metro Area",2121325,844310,855839,517143,464499,1697546,2155068,925786,925786,81476.0,844310.0,844310.0,294903,96706,218982,350474,192101,51013,5707192,36324.0,105901.0,388796.0,415809.0,347595.0,203966.0,123267766.0,49.0,both
336,343,29460,"Lakeland-Winter Haven, FL Metro Area",709779,238629,270762,159139,191618,584373,724777,304440,304440,65811.0,238629.0,238629.0,73140,26448,97902,124535,46512,5841,1691499,26196.0,67412.0,172422.0,159809.0,69107.0,35533.0,24837880.0,40.0,both
337,344,29540,"Lancaster, PA Metro Area",532688,204701,205388,127872,136672,431887,545724,213299,213299,8598.0,204701.0,204701.0,62179,17496,45365,90056,44760,11041,1346783,32236.0,52866.0,128767.0,83551.0,68160.0,36279.0,26881438.0,48.0,both
341,348,29820,"Las Vegas-Henderson-Paradise, NV Metro Area",2239097,813607,922067,520797,471707,1801889,2266715,924533,924533,110926.0,813607.0,813607.0,372222,101164,250264,325600,171078,46268,4873706,31819.0,213359.0,440002.0,507479.0,262662.0,137445.0,110102880.0,49.0,both
350,357,30780,"Little Rock-North Little Rock-Conway, AR Metro Area",730010,288565,300844,172607,164623,591364,744483,331096,331096,42531.0,288565.0,288565.0,103973,30607,77163,159744,49271,7973,1886496,30531.0,43510.0,153898.0,151756.0,96172.0,55858.0,33523349.0,43.0,both
354,361,31080,"Los Angeles-Long Beach-Anaheim, CA Metro Area",13010414,4372678,5583340,2834225,2686886,10702867,13214799,4697571,4697571,324893.0,4372678.0,4372678.0,2264637,853122,1365007,1343162,675826,176101,22962290,32473.0,1708635.0,1829694.0,2371370.0,2119864.0,1132529.0,960249652.0,56.0,both
355,362,31140,"Louisville/Jefferson County, KY-IN Metro Area",1239207,495246,489230,282962,298607,1016105,1266389,551989,551989,56743.0,495246.0,495246.0,162394,58944,136312,229394,92424,26732,3335257,31925.0,80535.0,260983.0,267084.0,166621.0,103264.0,64568844.0,42.0,both
360,367,31540,"Madison, WI Metro Area",648080,279014,291441,135329,141733,544019,664865,294054,294054,15040.0,279014.0,279014.0,109934,36592,82496,101846,51660,11382,1724286,39975.0,19903.0,90494.0,120145.0,130659.0,87444.0,46326963.0,66.0,both
361,368,31700,"Manchester-Nashua, NH Metro Area",408711,162588,160751,84269,97625,343869,417025,173305,173305,10717.0,162588.0,162588.0,53493,20800,52674,63097,29270,4453,1008277,38894.0,22961.0,78345.0,83850.0,72579.0,39867.0,25687589.0,53.0,both
365,372,47900,"Washington-Arlington-Alexandria, DC-VA-MD-WV Metro Area",6168007,2251002,2611917,1434767,1208862,4997338,6280697,2401483,2401483,150481.0,2251002.0,2251002.0,821193,331532,494673,693842,558692,246749,15442515,49957.0,386850.0,775315.0,932699.0,1132060.0,1083660.0,492129890.0,67.0,both
372,379,48620,"Wichita, KS Metro Area",627479,246836,252823,162323,141543,496544,640218,275445,275445,28609.0,246836.0,246836.0,87537,24959,70947,102772,45626,24282,1731453,31595.0,39223.0,111325.0,138858.0,84363.0,46077.0,33975620.0,40.0,both
377,384,49180,"Winston-Salem, NC Metro Area",662172,270273,245490,146849,163026,546402,676008,303972,303972,33699.0,270273.0,270273.0,87253,18992,80845,147980,45142,7989,1801155,29837.0,57933.0,140777.0,144793.0,81489.0,46023.0,30879321.0,37.0,both
378,385,49340,"Worcester, MA-CT Metro Area",913547,363177,365498,196466,221685,776740,947404,387845,387845,24668.0,363177.0,363177.0,127577,43306,103130,153319,66100,14560,2291436,35570.0,55537.0,191318.0,179341.0,138850.0,93873.0,45527976.0,57.0,both
381,389,49660,"Youngstown-Warren-Boardman, OH-PA Metro Area",518600,230643,184818,106394,158551,443306,536081,259281,259281,28638.0,230643.0,230643.0,67750,19220,63159,126563,38229,6623,1575405,26643.0,39797.0,152086.0,103534.0,57347.0,29988.0,19794756.0,38.0,both
